Score these num_responses responses in the AUT for the item: fork. ID=1: 1 Using a fork to scratch an itch in hardtoreach areas of the back ID=2: 2 Using a fork as a miniature whisk to mix small amounts of ingredients ID=3: 3 Using a fork as a hair accessory or to comb through tangled hair ID=4: 4 Using a fork as a makeshift lockpick in an emergency ID=5:5 Creating forkbased art by bending and shaping the tines into different designs ID=6:6 Using a fork as a tool to clean small crevices like computer keyboards or car vents ID=7:7 Using a fork to aerate soil when gardening ID=8:8 Building a miniature fork catapult for fun or as a science experimentID=9: 9 Using a fork to create unique patterns when painting or stamping ID=10: 10 Using a fork as a musical instrument by tapping it on different surfaces to create percussion sounds Give a specific ranking as a list of the IDs e.g. {1, 2, 3, 4, 5, 6, 7, 8, ,9, 10} and don't explain your ranking # [5, 3, 1, 10, 4, 8, 6, 2, 7, 9] # [4, 3, 2, 1, 6, 5, 7, 9, 10, 8] # 0.05454545454545454 # 0.1111111111111111 # {4, 3, 2, 1, 6, 5, 7, 9, 10, 8}
Score these num_responses responses in the AUT for the item: fork. ID=1: 1 Use a fork as a hair accessory by inserting it in an updo or bun for a unique twist ID=2: 2 Create a mini easel by bending the prongs of a fork upward and using it to display small paintings or pictures ID=3: 3 Make a fork plant marker by labeling herb or garden plants with a Sharpie and sticking the fork into the soil ID=4: 4 Use a fork to create textured patterns in dough or pastry by pressing the prongs into the surface ID=5:5 Turn a fork into a DIY stylus by wrapping the handle in aluminum foil and using it on a touch screen ID=6:6 Create a unique wind chime by hanging multiple forks from a tree or porch and letting them clink together in the wind ID=7:7 Use a fork as a tool for painting small details or textures in artwork or crafts ID=8:8 Turn a fork into a jewelry holder by wrapping string around the prongs and hanging earrings or necklaces from itID=9: 9 Use a fork to create a fun pattern in mashed potatoes or other pureed foods on your plate ID=10: 10 Turn a fork into a phone stand by bending the prongs slightly and resting the phone against them Give a specific ranking as a list of the IDs e.g. {1, 2, 3, 4, 5, 6, 7, 8, ,9, 10} and don't explain your ranking # [6, 4, 9, 3, 1, 2, 5, 7, 10, 8] # [5, 4, 7, 1, 3, 9, 2, 8, 6, 10] # 0.4424242424242424 # 0.3333333333333333 # {5, 4, 7, 1, 3, 9, 2, 8, 6, 10}
Score these num_responses responses in the AUT for the item: fork. ID=1: 1 Use a fork to aerate soil in your garden ID=2: 2 Use a fork to create a textured design in clay or pottery ID=3: 3 Use a fork as a makeshift hair accessory or hairpin ID=4: 4 Use a fork to create a unique pattern in paint as a DIY art project ID=5:5 Use a fork to hold a candle in place on a windy day ID=6:6 Use a fork to cut cheese or soft fruits like kiwi ID=7:7 Use a fork to pull apart meat or shred cooked vegetables ID=8:8 Use a fork to make a unique presentation for appetizers or hors d'oeuvresID=9: 9 Use a fork to make tiny holes in cookies or bread dough for a decorative effect ID=10: 10 Use a fork as a percussion instrument for making music or sound effects Give a specific ranking as a list of the IDs e.g. {1, 2, 3, 4, 5, 6, 7, 8, ,9, 10} and don't explain your ranking # [8, 5, 4, 1, 7, 6, 2, 9, 3, 10] # [1, 2, 3, 4, 5, 6, 7, 8, 9, 10] # 0.18787878787878787 # 0.1111111111111111 # {1, 2, 3, 4, 5, 6, 7, 8, 9, 10}
Score these num_responses responses in the AUT for the item: fork. ID=1: 1 Use the tines of a fork to create textured patterns in clay or playdough ID=2: 2 Bend the tines and use a fork as a makeshift hair comb or pick ID=3: 3 Use two forks to create a miniature catapult launching small objects across the room ID=4: 4 Stick a fork into the ground to serve as a plant marker or support ID=5:5 Attach a fork to a wooden rod to make a unique wind chime ID=6:6 Use the tines of a fork as a stencil to create artwork or prints ID=7:7 Cut off the handle of a fork and use it as a unique keychain or zipper pull ID=8:8 Stick a fork into a cork to make a fun and functional DIY drink stirrerID=9: 9 Use a fork to scrunch up paper for an interesting textured effect ID=10: 10 Create a makeshift easel by balancing a fork on top of a mug or glass Give a specific ranking as a list of the IDs e.g. {1, 2, 3, 4, 5, 6, 7, 8, ,9, 10} and don't explain your ranking # [8, 4, 6, 10, 9, 7, 1, 5, 3, 2] # [1, 5, 6, 8, 2, 3, 4, 9, 7, 10] # -0.35757575757575755 # -0.28888888888888886 # {1, 5, 6, 8, 2, 3, 4, 9, 7, 10}
Score these num_responses responses in the AUT for the item: fork. ID=1: 1 Use a fork as a makeshift hairbrush to comb through knots ID=2: 2 Turn a fork into a miniature rake for a small garden or potted plant ID=3: 3 Use a fork to decorate a cake or pie by creating unique designs or patterns in the frosting ID=4: 4 Use a fork to create intricate patterns in clay or PlayDoh ID=5:5 Use a fork to fish small items out of narrow crevices or cracks ID=6:6 Use a fork to create string art by wrapping thread around the tines and pulling tight ID=7:7 Use a fork as a gentle massage tool by running the tines over sore muscles ID=8:8 Use a fork to hold a small candle upright in a candle holderID=9: 9 Use a fork as an emergency screwdriver by using the tines to turn screws ID=10: 10 Use a fork as a fun percussion instrument by tapping it against different surfaces to create different sounds Give a specific ranking as a list of the IDs e.g. {1, 2, 3, 4, 5, 6, 7, 8, ,9, 10} and don't explain your ranking # [4, 9, 5, 10, 7, 2, 3, 8, 1, 6] # [5, 4, 3, 6, 2, 1, 7, 8, 9, 10] # -0.01818181818181818 # -0.022222222222222223 # {5, 4, 3, 6, 2, 1, 7, 8, 9, 10}
Score these num_responses responses in the AUT for the item: fork. ID=1: 1 Use a fork to create unique patterns and designs in clay playdough or paint ID=2: 2 Bend the tines of a fork to create a DIY hair accessory ID=3: 3 Use a fork to hold a book open while reading ID=4: 4 Use a fork to create a unique texture on a cake or other baked goods ID=5:5 Use the handle of a fork to create a miniature fairy garden ID=6:6 Create a makeshift grill by hanging a fork over an open flame and cooking small items like vegetables or marshmallows ID=7:7 Bend a fork into a hook shape and use it to hang jewelry or other small items ID=8:8 Use a fork to create a DIY back scratcherID=9: 9 Use a fork to mix up ingredients for a DIY face mask ID=10: 10 Bend the tines of a fork to create a unique wall decoration Give a specific ranking as a list of the IDs e.g. {1, 2, 3, 4, 5, 6, 7, 8, ,9, 10} and don't explain your ranking # [2, 3, 5, 4, 10, 8, 9, 7, 6, 1] # [4, 6, 2, 7, 10, 1, 3, 5, 8, 9] # -0.13939393939393938 # -0.1111111111111111 # {4, 6, 2, 7, 10, 1, 3, 5, 8, 9}
Score these num_responses responses in the AUT for the item: fork. ID=1: 1 Use the tines of the fork to create a unique pattern in clay or dough ID=2: 2 Use a fork to make decorative petals for a cake or pastry ID=3: 3 Use the handle of the fork as a makeshift stylus for drawing or writing on a touchscreen device ID=4: 4 Use the tongs of the fork to retrieve items from a hardtoreach place ID=5:5 Use a fork to straighten out bent or twisted wires ID=6:6 Use the prongs of the fork to create texture on a piece of artwork or craft project ID=7:7 Use a fork to aerate soil before planting seeds in a garden ID=8:8 Use the handle of the fork to create a makeshift hairbrushID=9: 9 Use the tines of the fork to create a musical instrument such as a thumb piano or kalimba ID=10: 10 Use a fork as a tool to measure and cut portions of food Give a specific ranking as a list of the IDs e.g. {1, 2, 3, 4, 5, 6, 7, 8, ,9, 10} and don't explain your ranking # [9, 8, 2, 5, 1, 6, 3, 7, 4, 10] # [7, 9, 2, 6, 1, 4, 10, 3, 5, 8] # 0.5151515151515151 # 0.37777777777777777 # {7, 9, 2, 6, 1, 4, 10, 3, 5, 8}
Score these num_responses responses in the AUT for the item: fork. ID=1: 1 Using the fork as a back scratcher ID=2: 2 Using the fork to make unique patterns in pottery or clay ID=3: 3 Using the fork to hold up a small plant stem in a garden ID=4: 4 Using the fork as a tool to help rethread elastic through fabric ID=5:5 Using the tines of the fork to make a small decorative fence around a miniature garden ID=6:6 Using the fork as a tool for cake decorating ID=7:7 Using the fork as a makeshift screwdriver for small tasks ID=8:8 Using the fork as a tool for carving intricate designs on a pumpkinID=9: 9 Using the fork as a tool to remove small stones or debris from a horse's hooves ID=10: 10 Using the fork to create a unique texture in a painting or drawing Give a specific ranking as a list of the IDs e.g. {1, 2, 3, 4, 5, 6, 7, 8, ,9, 10} and don't explain your ranking # [1, 10, 4, 8, 3, 5, 7, 9, 2, 6] # [1, 2, 3, 4, 5, 6, 7, 8, 9, 10] # 0.07878787878787878 # 0.06666666666666667 # {1, 2, 3, 4, 5, 6, 7, 8, 9, 10}
Score these num_responses responses in the AUT for the item: fork. ID=1: 1 Use a fork as a hair accessory by weaving it through a braid or updo for a quirky touch ID=2: 2 Fashion a fork into a mini easel by propping up a small canvas or picture frame on its prongs ID=3: 3 Use a fork as a bookmark by slipping its tines between the pages of your favorite book ID=4: 4 Turn a fork into a unique plant marker by bending its prongs and labeling each one with the name of a different herb or flower ID=5:5 Use forks as handles for a homemade costume with a futuristic or robotinspired theme ID=6:6 Transform a fork into a mini harp by attaching rubber bands to each of its prongs ID=7:7 Set up a mini catapult by bending a fork and using it to launch small marshmallows or grapes across the room ID=8:8 Use forks as impromptu knitting needles with the rounded handles providing a comfortable gripID=9: 9 Fashion a fork into a stylish paper clip or memo holder by bending its prongs to hold a small note or photo upright ID=10: 10 Increase your grip strength with a DIY fork workout by squeezing and releasing the prongs repeatedly to exercise your fingers Give a specific ranking as a list of the IDs e.g. {1, 2, 3, 4, 5, 6, 7, 8, ,9, 10} and don't explain your ranking # [2, 4, 10, 8, 9, 3, 5, 1, 7, 6] # [5, 7, 6, 4, 1, 2, 3, 9, 8, 10] # -0.2121212121212121 # -0.15555555555555553 # {5, 7, 6, 4, 1, 2, 3, 9, 8, 10}
Score these num_responses responses in the AUT for the item: fork. ID=1: 1 As a miniature picket fence for displaying small plants or decorative items ID=2: 2 To create textured designs in clay or PlayDoh ID=3: 3 As a makeshift microphone for karaoke sessions ID=4: 4 To create interesting patterns in frosting on cakes or cupcakes ID=5:5 As a tool for escaping from a locked car by using it to pull up on the lock or unlock button ID=6:6 As a tool for creating unique prints in paint or ink ID=7:7 To create a DIY apple corer by pushing it into the center of the apple and twisting ID=8:8 As a tool for carving intricate designs in soap or candlesID=9: 9 As a makeshift knitting needle or crochet hook for smallscale projects ID=10: 10 To create decorative patterns in the soil of potted plants Give a specific ranking as a list of the IDs e.g. {1, 2, 3, 4, 5, 6, 7, 8, ,9, 10} and don't explain your ranking # [9, 1, 4, 2, 10, 7, 6, 5, 3, 8] # [5, 10, 9, 8, 7, 6, 4, 3, 2, 1] # -0.3696969696969697 # -0.19999999999999998 # {5, 10, 9, 8, 7, 6, 4, 3, 2, 1}
Score these num_responses responses in the AUT for the item: fork. ID=1: 1 Use the tines of a fork to create textured patterns in clay or other crafting materials ID=2: 2 Use a fork to separate strands of tangled jewelry or chains ID=3: 3 Use a fork as a mini barbecue grill to cook small items like shrimp or vegetables ID=4: 4 Use the tines of a fork to create a decorative pattern on the top of a cake or pie crust ID=5:5 Use a fork to make holes in the soil for planting seeds ID=6:6 Use a fork to create mini hair curlers by wrapping small sections of hair around the tines and securing with bobby pins ID=7:7 Use a fork to mash boiled potatoes before making mashed potatoes ID=8:8 Use a fork as a makeshift lock pick in case of emergencyID=9: 9 Use a fork to make creative food sculptures for a party or special event ID=10: 10 Use a fork to mix and fluff up soil while tending to indoor plants Give a specific ranking as a list of the IDs e.g. {1, 2, 3, 4, 5, 6, 7, 8, ,9, 10} and don't explain your ranking # [5, 9, 3, 4, 8, 1, 6, 2, 10, 7] # [4, 5, 7, 1, 2, 3, 6, 9, 8, 10] # 0.12727272727272726 # 0.1111111111111111 # {4, 5, 7, 1, 2, 3, 6, 9, 8, 10}
Score these num_responses responses in the AUT for the item: fork. ID=1: 1 Use a fork as a makeshift hair accessory by using the tines to secure a small bun or braid ID=2: 2 Roll a piece of clay or dough over the tines of a fork to create a textured pattern ID=3: 3 Use a fork to mix together a salad or pasta dish ID=4: 4 Turn a fork into a small container by bending the tines together to create sides and a base ID=5:5 Use a fork as a plant marker by writing the name of the plant on the handle with a permanent marker ID=6:6 Create a fork sculpture by bending and twisting the tines into interesting shapes ID=7:7 Use a fork to add texture to a painting by dragging the tines through wet paint ID=8:8 Use a fork as a tool to help thread needles by inserting the thread through the tinesID=9: 9 Use a fork to hold open a book while reading to keep the pages from closing ID=10: 10 Bundle small items like pencils or utensils together by tying them to a fork with a piece of ribbon or string Give a specific ranking as a list of the IDs e.g. {1, 2, 3, 4, 5, 6, 7, 8, ,9, 10} and don't explain your ranking # [8, 9, 1, 10, 7, 6, 2, 5, 4, 3] # [6, 7, 4, 2, 3, 8, 1, 5, 9, 10] # -0.06666666666666665 # -0.1111111111111111 # {6, 7, 4, 2, 3, 8, 1, 5, 9, 10}
Score these num_responses responses in the AUT for the item: fork. ID=1: 1 Use a fork to create texture and design in clay or playdough ID=2: 2 Use a fork to make mini marshmallow roasting sticks for indoor s'mores ID=3: 3 Use a fork to create a makeshift guitar by running a finger along the tines ID=4: 4 Use a fork as a hair accessory by bending the tines to hold hair in place ID=5:5 Use a fork as a back scratcher ID=6:6 Use a fork to anchor small plants or herbs in a garden bed ID=7:7 Use a fork to skewer small appetizers for party trays ID=8:8 Use a fork to create a DIY stencil by tracing along the tines onto paper or fabricID=9: 9 Use a fork to create a textured pattern on a painted wall by lightly dragging the tines ID=10: 10 Use a fork to clean hardtoreach spots in a keyboard or other electronic device Give a specific ranking as a list of the IDs e.g. {1, 2, 3, 4, 5, 6, 7, 8, ,9, 10} and don't explain your ranking # [5, 3, 8, 1, 2, 7, 9, 6, 10, 4] # [1, 3, 2, 7, 4, 6, 8, 9, 5, 10] # 0.006060606060606061 # -0.06666666666666667 # {1, 3, 2, 7, 4, 6, 8, 9, 5, 10}
Score these num_responses responses in the AUT for the item: fork. ID=1: 1 Use fork tines to make marks in clay when sculpting ID=2: 2 Create a unique piece of jewelry by bending the tines of a fork into a bracelet or necklace ID=3: 3 Use a fork to hold down small food items while slicing them thinly with a knife ID=4: 4 Bend the tines to make a fork into a hook that can hold up a towel or other small item on the wall ID=5:5 Use the handle and tines of a fork to create a small stylus for using touchscreens that require a fine point ID=6:6 Place a fork upsidedown on a table to hold a recipe card or reading material in place ID=7:7 Use a fork to create textured designs in frosting on a cake or other baked goods ID=8:8 Use the tines of a fork to make holes in the soil when planting small seeds in a gardenID=9: 9 Bend and curve the tines of a fork to create a unique wall hanging or mobile decoration ID=10: 10 Use a fork to hold a small candle steady in a holder that is too big for it Give a specific ranking as a list of the IDs e.g. {1, 2, 3, 4, 5, 6, 7, 8, ,9, 10} and don't explain your ranking # [1, 3, 4, 5, 6, 8, 7, 9, 10, 2] # [5, 9, 7, 2, 1, 3, 8, 4, 10, 6] # 0.01818181818181818 # 0.06666666666666667 # {5, 9, 7, 2, 1, 3, 8, 4, 10, 6}
Score these num_responses responses in the AUT for the item: fork. ID=1: 1 Use a fork to create patterns in your cake frosting ID=2: 2 Melt chocolate and dip the fork in it to create chocolatecoated designs ID=3: 3 Hang earrings on the tines of a fork for safekeeping ID=4: 4 Use a fork to create textured lines in clay sculpture ID=5:5 Insert a fork through the middle of a slice of toast to keep it in place while you spread butter on it ID=6:6 Use a fork to scratch a message in the dirt or sand ID=7:7 Balance a fork on the edge of a glass to prevent it from tipping over ID=8:8 Tie a string to a fork and use it as a makeshift fishing hookID=9: 9 Spread peanut butter evenly on a cracker by using a fork ID=10: 10 Put a fork in a plant pot to prevent animals from digging up the seeds or bulbs Give a specific ranking as a list of the IDs e.g. {1, 2, 3, 4, 5, 6, 7, 8, ,9, 10} and don't explain your ranking # [6, 8, 5, 9, 2, 1, 4, 10, 7, 3] # [5, 3, 9, 1, 4, 2, 6, 7, 10, 8] # 0.04242424242424241 # 0.06666666666666667 # {5, 3, 9, 1, 4, 2, 6, 7, 10, 8}
Score these num_responses responses in the AUT for the item: fork. ID=1: 1 Use the tines of a fork to create a textured design on pottery or clay ID=2: 2 Use a fork to create a makeshift hair comb or tease hair for added volume ID=3: 3 Use the handle of a fork to hold up a book while reading ID=4: 4 Attach a fork to a stick and use it as a tool for roasting marshmallows over a fire ID=5:5 Use a fork to create a unique piece of jewelry such as a pendant or earrings ID=6:6 Use a fork to make miniature decorative fences or gates for a dollhouse or miniature garden ID=7:7 Use a fork to decorate the top of a cake with a pattern or design ID=8:8 Use the tines of a fork to create a stencil for painting or drawingID=9: 9 Use a fork to make holes in soil for planting seeds ID=10: 10 Use the edge of a fork to crimp the edges of a pie crust or pastry Give a specific ranking as a list of the IDs e.g. {1, 2, 3, 4, 5, 6, 7, 8, ,9, 10} and don't explain your ranking # [4, 8, 10, 2, 5, 1, 7, 6, 9, 3] # [4, 7, 1, 8, 10, 2, 3, 6, 9, 5] # 0.006060606060606061 # 0.022222222222222223 # {4, 7, 1, 8, 10, 2, 3, 6, 9, 5}
Score these num_responses responses in the AUT for the item: fork. ID=1: 1 Plant markers Use the tines of the fork to label plants in your garden ID=2: 2 Picture hanger Add a few prongs to the back of a picture frame and hang it from the wall using a fork ID=3: 3 Cable organizer Use a fork to wrap and hold cables in place such as a charging cable for your phone ID=4: 4 Cake decorating tool Use the tines of a fork to create interesting texture on a cake or frosting ID=5:5 DIY bracelet Bend a fork into a unique shape and use it as a statement piece in a bracelet or necklace ID=6:6 Hair accessory Twist a fork into a bun shape and use it as a hair accessory or hairpin ID=7:7 Cheese grater Use the tines of a fork to grate cheese on the go ID=8:8 Pin cushion Stick needles and pins into the tines of a fork and use it as a makeshift pin cushionID=9: 9 Spatula substitute Use a fork to flip small pieces of food such as shrimp or scallops when cooking ID=10: 10 BBQ tool Use the tines of a fork to hold food in place while grilling such as vegetables or small pieces of meat Give a specific ranking as a list of the IDs e.g. {1, 2, 3, 4, 5, 6, 7, 8, ,9, 10} and don't explain your ranking # [9, 5, 6, 2, 3, 7, 8, 4, 1, 10] # [4, 10, 3, 6, 2, 9, 7, 8, 5, 1] # -0.17575757575757575 # -0.1111111111111111 # {4, 10, 3, 6, 2, 9, 7, 8, 5, 1}
Score these num_responses responses in the AUT for the item: fork. ID=1: 1 Use a fork as a miniature rake for indoor plants ID=2: 2 Dip a fork in paint to create unique patterns on paper or fabric ID=3: 3 Use a fork as a hair accessory by twisting hair into a bun and securing with a fork ID=4: 4 Create a unique piece of jewelry by bending and shaping a fork into a bracelet or necklace ID=5:5 Use a fork to create grate marks on foods that are being grilled or panseared ID=6:6 Use a fork to scratch words or designs into clay or other soft materials ID=7:7 Use a fork as a mini easel to display small pictures or cards ID=8:8 Fashion a fork into a photo holder by bending the tinesID=9: 9 Use a fork to separate layered items such as pancakes or burgers without a spatula ID=10: 10 Use a fork as a makeshift lock pick in an emergency Note This is for entertainment purposes only and should not be used for illegal activities Give a specific ranking as a list of the IDs e.g. {1, 2, 3, 4, 5, 6, 7, 8, ,9, 10} and don't explain your ranking # [8, 5, 6, 7, 10, 9, 2, 4, 1, 3] # [10, 4, 2, 5, 9, 1, 3, 6, 7, 8] # 0.05454545454545454 # -0.022222222222222223 # {10, 4, 2, 5, 9, 1, 3, 6, 7, 8}
Score these num_responses responses in the AUT for the item: fork. ID=1: 1 Use it as a makeshift hairpick or comb ID=2: 2 Use it to hold open a book or magazine ID=3: 3 Turn it into a unique piece of jewelry like a pendant or earrings ID=4: 4 Use it to mix and apply hair dye or paint ID=5:5 Use the tines to prick holes in soil for planting seeds ID=6:6 Use it as a mini shovel or scoop for digging small trenches or holes ID=7:7 Use it to create textured patterns in clay or other malleable materials ID=8:8 Use it to create a makeshift weight for working out by adding objects to the tinesID=9: 9 Use it to carve designs into wax for candle making ID=10: 10 Use it as a prop in a theatrical production or photo shoot Give a specific ranking as a list of the IDs e.g. {1, 2, 3, 4, 5, 6, 7, 8, ,9, 10} and don't explain your ranking # [6, 7, 3, 4, 9, 1, 2, 8, 5, 10] # [1, 4, 6, 7, 9, 2, 3, 5, 8, 10] # 0.5636363636363636 # 0.5111111111111111 # {1, 4, 6, 7, 9, 2, 3, 5, 8, 10}
Score these num_responses responses in the AUT for the item: fork. ID=1: 1 Use a fork as a makeshift hair accessory by twisting it into a bun to keep hair in place ID=2: 2 Use a fork to press garlic while cooking instead of a garlic press ID=3: 3 Use a fork to create a decorative pattern in dough or frosting ID=4: 4 Use a fork as an impromptu antenna to improve TV or radio reception ID=5:5 Use a fork to scratch an itch on your back that you can't reach ID=6:6 Use a fork as a mini garden tool for tending to small plants or removing weeds ID=7:7 Use a fork as a tool to help thread a needle ID=8:8 Use a fork as a tiny rake to create patterns in sand or soilID=9: 9 Use a fork as a tool to remove meat from hardtoreach areas of a crab or lobster ID=10: 10 Use a fork as a makeshift backscratcher Give a specific ranking as a list of the IDs e.g. {1, 2, 3, 4, 5, 6, 7, 8, ,9, 10} and don't explain your ranking # [3, 9, 6, 10, 1, 5, 4, 2, 8, 7] # [5, 4, 7, 2, 1, 10, 6, 3, 9, 8] # 0.23636363636363633 # 0.24444444444444444 # {5, 4, 7, 2, 1, 10, 6, 3, 9, 8}
Score these num_responses responses in the AUT for the item: fork. ID=1: 1 Use the tines of the fork to make decorative impressions on cookies or pastries ID=2: 2 Use the handle of the fork as a plant stake for small plants or herbs ID=3: 3 Use the tines of the fork to firmly hold a nail or screw in place while hammering ID=4: 4 Use the handle of the fork as a hook for hanging small items like jewelry or kitchen utensils ID=5:5 Use the tines of the fork to separate and fluff up tangled hair ID=6:6 Use the tines of the fork to create textured patterns in paint or clay ID=7:7 Use the handle of the fork to turn small screws or open tight bottle caps ID=8:8 Use the tines of the fork to scratch lottery tickets or other scratchoff gamesID=9: 9 Use the handle of the fork as a makeshift stylus for touchscreen devices ID=10: 10 Use the tines of the fork to create decorative patterns in cheese platters or food presentations Give a specific ranking as a list of the IDs e.g. {1, 2, 3, 4, 5, 6, 7, 8, ,9, 10} and don't explain your ranking # [3, 4, 8, 9, 6, 1, 5, 10, 2, 7] # [5, 9, 3, 1, 6, 2, 7, 4, 8, 10] # -0.23636363636363633 # -0.15555555555555553 # {5, 9, 3, 1, 6, 2, 7, 4, 8, 10}
Score these num_responses responses in the AUT for the item: fork. ID=1: 1 Use a fork to create textured patterns in pottery or clay ID=2: 2 Turn a fork handle into a unique cheese slicer ID=3: 3 Use a fork to create a mini garden by propping it up on a jar and placing small plants in the tines ID=4: 4 Use a fork to beat eggs create forkscrambled eggs or pierce the yolks for a decorative deviled egg ID=5:5 Use a fork to pull apart long strands of cooked spaghetti for a fun and easytoeat dish ID=6:6 Use the tines of a fork to create a textured pattern on the top of a pie crust before baking ID=7:7 Use a fork to create a unique hair accessory by bending the tines into a distinctive shape and attaching a clip or elastic ID=8:8 Use a fork to create a potato print design or print patterns on fabric or paperID=9: 9 Use a fork to create forktender boiled meats or vegetables ID=10: 10 Use a fork to create a unique piece of jewelry by bending the tines into a loop or other shape Give a specific ranking as a list of the IDs e.g. {1, 2, 3, 4, 5, 6, 7, 8, ,9, 10} and don't explain your ranking # [2, 8, 3, 4, 5, 1, 7, 6, 10, 9] # [6, 4, 5, 1, 3, 8, 2, 9, 7, 10] # 0.13939393939393938 # 0.06666666666666667 # {6, 4, 5, 1, 3, 8, 2, 9, 7, 10}
Score these num_responses responses in the AUT for the item: fork. ID=1: 1 Use it as a comb for your hair in a pinch ID=2: 2 Use the prongs as a makeshift grill for kebabs or hot dogs over a fire ID=3: 3 Turn it into a miniature rake to groom your pet's fur ID=4: 4 Use it to scratch hardtoreach areas on your body ID=5:5 Use it to carve miniature sculptures out of bars of soap ID=6:6 Use it as a gardening tool for planting small seeds ID=7:7 Use it to weave small baskets or hats out of grass or straw ID=8:8 Use it to create unique patterns on pottery or clay sculpturesID=9: 9 Use it to make a layered cocktail by dipping it in different colored liquids and layering them in a glass ID=10: 10 Use it to clean out small crevices or spaces such as a keyboard or a phone case Give a specific ranking as a list of the IDs e.g. {1, 2, 3, 4, 5, 6, 7, 8, ,9, 10} and don't explain your ranking # [4, 9, 6, 7, 10, 3, 1, 2, 5, 8] # [1, 5, 4, 3, 2, 6, 7, 8, 9, 10] # -0.2727272727272727 # -0.19999999999999998 # {1, 5, 4, 3, 2, 6, 7, 8, 9, 10}
Score these num_responses responses in the AUT for the item: fork. ID=1: 1 Use a fork to create unique textured patterns on clay sculptures or pottery ID=2: 2 Create an unconventional piece of jewelry by bending the tines of a fork into a bracelet or necklace ID=3: 3 Use a fork to hold a cookbook open while cooking especially helpful for handsfree reference ID=4: 4 Straighten out the tines of a fork and use it to create a DIY hair accessory like a fork comb or hairpin ID=5:5 Use a fork to create a fun and funky wall hanging by bending the tines into a unique shape and attaching them to a board ID=6:6 Create a unique plant marker by writing the name of the plant on a fork and sticking it in the soil next to the plant ID=7:7 Turn a fork into a toy for dogs by bending the tines and attaching a colorful ribbon or strip of fabric to the end for them to chase and play with ID=8:8 Use a fork as a stylus for your phone or tablet making it easier to navigate without leaving fingerprints on the screenID=9: 9 Create a striking piece of wall art by painting a fork in interesting colors or patterns and framing it ID=10: 10 Use a fork as a holder for small items like earrings or beads while working on jewelrymaking projects Give a specific ranking as a list of the IDs e.g. {1, 2, 3, 4, 5, 6, 7, 8, ,9, 10} and don't explain your ranking # [4, 7, 1, 5, 3, 6, 8, 10, 9, 2] # [1, 2, 3, 4, 5, 6, 7, 8, 9, 10] # 0.32121212121212117 # 0.28888888888888886 # {1, 2, 3, 4, 5, 6, 7, 8, 9, 10}
Score these num_responses responses in the AUT for the item: fork. ID=1: 1 Use the tines of a fork to texture dough when making bread or pastries ID=2: 2 Use the handle of a fork as a makeshift stylus for a touchscreen device ID=3: 3 Use the curvature of the fork to make a makeshift fishhook for fishing ID=4: 4 Use the tines of the fork to make miniature garden row markers by writing on them with a permanent marker ID=5:5 Use the tines of a fork to create a textured pattern in clay or pottery ID=6:6 Use the handle of a fork to scrape out candle wax or to scratch an itch on your back ID=7:7 Use the tines of the fork to create drip art paintings by dipping the tines in paint and letting the paint drip down onto paper ID=8:8 Use the handle of a fork to make tiny holes in pie crust before baking to prevent the crust from puffing upID=9: 9 Use the tines of the fork to create a unique hairstyle by twisting sections of hair around the tines and securing with clips or bobby pins ID=10: 10 Use the handle of a fork to press garlic cloves for cooking Give a specific ranking as a list of the IDs e.g. {1, 2, 3, 4, 5, 6, 7, 8, ,9, 10} and don't explain your ranking # [6, 7, 1, 10, 5, 8, 2, 3, 4, 9] # [1, 5, 8, 10, 2, 6, 3, 4, 7, 9] # 0.38181818181818183 # 0.28888888888888886 # {1, 5, 8, 10, 2, 6, 3, 4, 7, 9}