Score these num_responses responses in the AUT for the item: rope. ID=1: 1 Create a DIY hanging chair by knotting the rope around a sturdy branch or post ID=2: 2 Repurpose an old ladder by wrapping rope around the rungs to create a unique and functional bookshelf ID=3: 3 Use rope to create a fun and challenging obstacle course in your backyard ID=4: 4 Create a custom rope headboard for your bed by weaving the rope through a series of hooks or rings ID=5:5 Use rope to create a decorative macramé wall hanging for your home ID=6:6 Create a rope swing by attaching the rope to a sturdy tree branch and tying on a wooden seat ID=7:7 Use rope to create a unique and rustic staircase railing ID=8:8 Create a DIY rope hammock by knotting the rope together in a specific patternID=9: 9 Use rope to create a custom dog leash in your favorite colors and patterns ID=10: 10 Create a DIY rope basket by wrapping rope around a mold and securing with glue Give a specific ranking as a list of the IDs e.g. {1, 2, 3, 4, 5, 6, 7, 8, ,9, 10} and don't explain your ranking # [1, 9, 7, 6, 4, 2, 10, 8, 3, 5] # [6, 4, 2, 5, 1, 8, 3, 9, 7, 10] # -0.28484848484848485 # -0.19999999999999998 # {6, 4, 2, 5, 1, 8, 3, 9, 7, 10}
Score these num_responses responses in the AUT for the item: rope. ID=1: 1 Create a rope swing in your backyard for kids to enjoy ID=2: 2 Use a rope to create a DIY hammock ID=3: 3 Tie a rope around a large object and drag it across a field to create an impromptu obstacle course ID=4: 4 Attach a rope to a sled and use it to pull groceries or supplies home in the winter ID=5:5 Create a rope ladder to reach high places ID=6:6 Use a rope as a clothesline to dry clothes on a camping trip ID=7:7 Crawl under a rope stretched between trees to play a fun game of limbo ID=8:8 Use a rope to hold up a makeshift tent or shelterID=9: 9 Tie a rope around a tire and hang it from a tree or structure for a backyard workout ID=10: 10 Collect several ropes and braid them together into a durable and unique rug Give a specific ranking as a list of the IDs e.g. {1, 2, 3, 4, 5, 6, 7, 8, ,9, 10} and don't explain your ranking # [10, 9, 4, 6, 7, 5, 2, 3, 1, 8] # [5, 9, 2, 1, 3, 4, 8, 7, 6, 10] # 0.07878787878787878 # 0.022222222222222223 # {5, 9, 2, 1, 3, 4, 8, 7, 6, 10}
Score these num_responses responses in the AUT for the item: rope. ID=1: 1 Use a rope to create a DIY hammock in your backyard ID=2: 2 Turn a rope into a jump rope for outdoor exercise ID=3: 3 Create a rope swing for kids or adults to enjoy ID=4: 4 Use a rope to create a decorative wall hanging or room divider ID=5:5 Turn a rope into a nauticalinspired handrail for a staircase ID=6:6 Use a long rope to create a DIY zipline in your yard ID=7:7 Braid several ropes together to create a chic macrame plant hanger ID=8:8 Use a rope to create a pulley system for lifting heavy itemsID=9: 9 Make a DIY pet leash by attaching a metal clasp to a rope ID=10: 10 Turn a rope into a DIY wreath by wrapping it around a wire frame and adding decorative elements Give a specific ranking as a list of the IDs e.g. {1, 2, 3, 4, 5, 6, 7, 8, ,9, 10} and don't explain your ranking # [5, 2, 3, 6, 7, 10, 4, 8, 9, 1] # [6, 7, 8, 10, 9, 3, 2, 1, 4, 5] # -0.29696969696969694 # -0.15555555555555553 # {6, 7, 8, 10, 9, 3, 2, 1, 4, 5}
Score these num_responses responses in the AUT for the item: rope. ID=1: 1 Turn the rope into a DIY hammock for leisurely afternoon lounging ID=2: 2 Use the rope to create a DIY rope swing in the backyard ID=3: 3 Turn the rope into a makeshift clothesline for drying clothes ID=4: 4 Use the rope to create a DIY rope ladder for kids to climb up and down ID=5:5 Create a unique wall decor piece by knotting the rope into different patterns and hanging it on a hook or nail ID=6:6 Use the rope to create a DIY jump rope for a fun and active workout ID=7:7 Create a DIY rope curtain for a creative window treatment or room divider ID=8:8 Use the rope as a way to hang and display plants in a unique and rustic wayID=9: 9 Turn the rope into a DIY dog leash for your furry friend ID=10: 10 Create a DIY rope handle for an old suitcase or trunk to give it a unique and rustic look Give a specific ranking as a list of the IDs e.g. {1, 2, 3, 4, 5, 6, 7, 8, ,9, 10} and don't explain your ranking # [5, 10, 6, 1, 8, 3, 7, 4, 2, 9] # [2, 4, 6, 1, 3, 5, 7, 8, 9, 10] # 0.1515151515151515 # 0.1111111111111111 # {2, 4, 6, 1, 3, 5, 7, 8, 9, 10}
Score these num_responses responses in the AUT for the item: rope. ID=1: 1 Create a rope swing in your backyard ID=2: 2 Use a rope to make a hammock ID=3: 3 Create a rope ladder to reach high shelves or a treehouse ID=4: 4 Use a rope to make a tug of war game ID=5:5 Use a rope to create a pulley system to move heavy objects ID=6:6 Create a rope bridge over a small stream ID=7:7 Use a rope to create a climbing obstacle course for kids ID=8:8 Create a rope curtain tieback for a rustic home decor lookID=9: 9 Use a rope as a clothesline to dry clothes ID=10: 10 Use a rope to create a DIY jump rope for exercise Give a specific ranking as a list of the IDs e.g. {1, 2, 3, 4, 5, 6, 7, 8, ,9, 10} and don't explain your ranking # [2, 9, 6, 4, 10, 8, 3, 1, 7, 5] # [5, 6, 3, 7, 1, 2, 10, 9, 4, 8] # -0.7212121212121211 # -0.5555555555555555 # {5, 6, 3, 7, 1, 2, 10, 9, 4, 8}
Score these num_responses responses in the AUT for the item: rope. ID=1: 1 Create a rope swing in your backyard or park ID=2: 2 Use a rope as a makeshift clothesline when camping or traveling ID=3: 3 Create a DIY rope curtain or room divider by tying strands of rope to a rod or frame ID=4: 4 Use a rope as a leash or collar for a larger dog or other pet ID=5:5 Build a rope bridge or ladder to cross a river or other obstacle ID=6:6 Create a unique wall hanging by tying lengths of rope together and attaching them to a wooden board or frame ID=7:7 Use a rope to create a DIY hammock for relaxing outdoors ID=8:8 Tie a rope to a tree branch and use it to hoist supplies up to a treehouseID=9: 9 Create a sensory play area for children by hanging objects from a rope and encourage them to explore and touch ID=10: 10 Make a creative statement necklace or bracelet by braiding or knotting different colored ropes together Give a specific ranking as a list of the IDs e.g. {1, 2, 3, 4, 5, 6, 7, 8, ,9, 10} and don't explain your ranking # [9, 2, 3, 6, 5, 7, 1, 4, 8, 10] # [5, 7, 8, 1, 2, 3, 6, 9, 10, 4] # -0.24848484848484845 # -0.06666666666666667 # {5, 7, 8, 1, 2, 3, 6, 9, 10, 4}
Score these num_responses responses in the AUT for the item: rope. ID=1: 1 Create a rope swing for a tree or porch ID=2: 2 Use rope to create a DIY hammock ID=3: 3 Create a rope ladder for a treehouse or attic ID=4: 4 Make a rope obstacle course in your backyard ID=5:5 Use colorful rope to create unique tassels for a bag or keychain ID=6:6 Use rope to make a DIY curtain tieback ID=7:7 Create a rope bridge for a small stream or creek ID=8:8 Use rope to create a DIY plant hangerID=9: 9 Use rope to make a DIY dog toy ID=10: 10 Create a rope DIY headboard for a bed Give a specific ranking as a list of the IDs e.g. {1, 2, 3, 4, 5, 6, 7, 8, ,9, 10} and don't explain your ranking # [7, 10, 8, 6, 4, 3, 5, 2, 9, 1] # [4, 7, 3, 1, 2, 8, 5, 6, 9, 10] # -0.17575757575757575 # -0.15555555555555553 # {4, 7, 3, 1, 2, 8, 5, 6, 9, 10}
Score these num_responses responses in the AUT for the item: rope. ID=1: 1 Use the rope to create a makeshift swing in a tree ID=2: 2 Tie the rope to a piece of wood or PVC pipe and make a DIY balance beam ID=3: 3 Use ropes as handles for a homemade obstacle course ID=4: 4 Create a unique piece of wall art by weaving different colored ropes into a geometric pattern ID=5:5 Use rope to make a homemade hammock ID=6:6 Turn an old tire into a tire swing by using the rope to hang it from a tree or beam ID=7:7 Make a rope ladder for a secret hideout or kids play area ID=8:8 Use rope to make handles for a homemade sled or tobogganID=9: 9 Use rope to make a stylish macrame plant hanger ID=10: 10 Create a DIY rope obstacle course for kids or adults to challenge themselves Give a specific ranking as a list of the IDs e.g. {1, 2, 3, 4, 5, 6, 7, 8, ,9, 10} and don't explain your ranking # [5, 6, 7, 10, 9, 8, 4, 2, 1, 3] # [5, 10, 6, 7, 2, 1, 3, 8, 9, 4] # -0.3696969696969697 # -0.24444444444444444 # {5, 10, 6, 7, 2, 1, 3, 8, 9, 4}
Score these num_responses responses in the AUT for the item: rope. ID=1: 1 Use it as a clothesline to dry clothes in the sun ID=2: 2 Braid it into a rug or mat for a natural rustic feel ID=3: 3 Make an outdoor hammock for lounging in the backyard ID=4: 4 Use as a border for a garden or flower bed ID=5:5 Make a rope ladder for playing treehouse or fort games ID=6:6 Create a rope swing for children to play on ID=7:7 Use as a leash for a large pet such as a horse or donkey ID=8:8 Hang a tire swing from a sturdy tree branchID=9: 9 Use as a makeshift jump rope for exercise ID=10: 10 Build a rope bridge for children to play on Give a specific ranking as a list of the IDs e.g. {1, 2, 3, 4, 5, 6, 7, 8, ,9, 10} and don't explain your ranking # [1, 3, 4, 9, 7, 8, 5, 2, 6, 10] # [3, 8, 6, 10, 1, 2, 4, 7, 9, 5] # -0.006060606060606061 # 0.022222222222222223 # {3, 8, 6, 10, 1, 2, 4, 7, 9, 5}
Score these num_responses responses in the AUT for the item: rope. ID=1: 1 Turn it into a DIY rope ladder for kids to climb ID=2: 2 Create a stylish rope plant hanger for hanging indoor or outdoor plants ID=3: 3 Use it to create a rope hammock in the backyard ID=4: 4 Make a rope swing for a tree in the yard ID=5:5 Turn it into a DIY rope fence to section off an area of the yard ID=6:6 Create a rope curtain for a window or to divide a room ID=7:7 Use it as a clothesline to air dry laundry ID=8:8 Create a DIY rope basket for storage or decorationID=9: 9 Use it as a highintensity workout tool for strength training ID=10: 10 Make a rope leash for your pet Give a specific ranking as a list of the IDs e.g. {1, 2, 3, 4, 5, 6, 7, 8, ,9, 10} and don't explain your ranking # [7, 1, 6, 4, 2, 5, 8, 3, 9, 10] # [4, 3, 2, 5, 1, 6, 7, 8, 9, 10] # 0.6484848484848483 # 0.5111111111111111 # {4, 3, 2, 5, 1, 6, 7, 8, 9, 10}
Score these num_responses responses in the AUT for the item: rope. ID=1: 1 Create a DIY rope swing for your backyard or a nearby tree ID=2: 2 Use the rope as a clothesline to dry your clothes outdoors ID=3: 3 Use the rope to create a sturdy leash for your dog ID=4: 4 Create colorful knotted rope bracelets or necklaces ID=5:5 Tie a rope around a large object and drag it around your yard for exercise ID=6:6 Use the rope to create a fun obstacle course for a party or teambuilding activity ID=7:7 Create a unique piece of wall art by weaving rope into an interesting design ID=8:8 Use the rope to create a makeshift clothes hanger by hanging it from a hook in your closetID=9: 9 Use the rope to create a DIY hammock for outdoor relaxation ID=10: 10 Tie multiple ropes together to create a sturdy rope ladder for treehouses or forts Give a specific ranking as a list of the IDs e.g. {1, 2, 3, 4, 5, 6, 7, 8, ,9, 10} and don't explain your ranking # [7, 6, 4, 2, 10, 3, 9, 8, 1, 5] # [9, 10, 6, 7, 1, 2, 3, 4, 8, 5] # -0.406060606060606 # -0.37777777777777777 # {9, 10, 6, 7, 1, 2, 3, 4, 8, 5}
Score these num_responses responses in the AUT for the item: rope. ID=1: 1 Rope swing on a tree for recreational purposes ID=2: 2 Use it to hoist a flag up a pole ID=3: 3 Create a rope ladder for a children's play area ID=4: 4 Use it to create a DIY hammock ID=5:5 Create a rope course as a teambuilding exercise ID=6:6 Use it to tow a boat or car out of a stuck position ID=7:7 Create a DIY obstacle course for fitness training ID=8:8 Tie several ropes together to make a rope bridgeID=9: 9 Create a DIY zip line or cable car ID=10: 10 Use it to secure Christmas lights or decorations Give a specific ranking as a list of the IDs e.g. {1, 2, 3, 4, 5, 6, 7, 8, ,9, 10} and don't explain your ranking # [10, 1, 2, 4, 9, 7, 3, 8, 6, 5] # [1, 3, 4, 2, 5, 6, 7, 9, 8, 10] # 0.05454545454545454 # 0.022222222222222223 # {1, 3, 4, 2, 5, 6, 7, 9, 8, 10}
Score these num_responses responses in the AUT for the item: rope. ID=1: 1 Create a rope swing in your backyard ID=2: 2 Make a rope ladder to access treehouses or attics ID=3: 3 Use ropes to create a hammock for lounge or relaxation ID=4: 4 Use the rope as a clothesline for drying clothes ID=5:5 Create a rope obstacle course for kids to climb ID=6:6 Use the rope as a divider between rooms or for hanging curtains ID=7:7 Use the rope as a leash for dogs or other animals ID=8:8 Make a creative piece of wall decor by weaving the ropes together in an intricate patternID=9: 9 Use ropes to create a survival shelter while camping ID=10: 10 Create a unique garden trellis using ropes for climbing plants Give a specific ranking as a list of the IDs e.g. {1, 2, 3, 4, 5, 6, 7, 8, ,9, 10} and don't explain your ranking # [4, 8, 2, 3, 9, 10, 6, 1, 7, 5] # [5, 9, 2, 3, 1, 4, 6, 7, 8, 10] # 0.006060606060606061 # 0.06666666666666667 # {5, 9, 2, 3, 1, 4, 6, 7, 8, 10}
Score these num_responses responses in the AUT for the item: rope. ID=1: 1 Use it as a rope swing hanging from a sturdy tree branch ID=2: 2 Tie it between two trees as a makeshift hammock ID=3: 3 Weave it into a decorative wall hanging or rug ID=4: 4 Use it as a clothesline to dry clothes outdoors ID=5:5 Create a rope obstacle course for kids to climb and crawl through ID=6:6 Use it to create a DIY rope ladder for a treehouse or play structure ID=7:7 Tie it around a waist as a makeshift belt ID=8:8 Use it to create a fun tugofwar game at a family gathering or partyID=9: 9 Build a rope bridge over a small stream or ravine ID=10: 10 Use it as a tool for fitness and strength training such as for resistance training or climbing workouts Give a specific ranking as a list of the IDs e.g. {1, 2, 3, 4, 5, 6, 7, 8, ,9, 10} and don't explain your ranking # [6, 5, 4, 10, 2, 3, 7, 1, 8, 9] # [9, 10, 1, 2, 5, 6, 4, 8, 3, 7] # -0.28484848484848485 # -0.24444444444444444 # {9, 10, 1, 2, 5, 6, 4, 8, 3, 7}
Score these num_responses responses in the AUT for the item: rope. ID=1: 1 A rope wall hanging for a bohemianstyle room decor ID=2: 2 Rope swing for kids to play with in the backyard ID=3: 3 A makeshift clothesline for drying clothes outdoors ID=4: 4 A rope ladder to use as an emergency escape from a window in case of fire ID=5:5 A knotted rope as an indoor climbing wall for a pet cat or hideaway for a child ID=6:6 A rope hammock to relax in the yard or on the beach ID=7:7 A macrame plant hanger for displaying plants indoors ID=8:8 A rope bridge for a treehouse or backyard obstacle courseID=9: 9 A rope leash for a pet dog on walks ID=10: 10 A decorative rope vase or bowl for holding small items Give a specific ranking as a list of the IDs e.g. {1, 2, 3, 4, 5, 6, 7, 8, ,9, 10} and don't explain your ranking # [1, 7, 4, 2, 3, 8, 6, 5, 10, 9] # [6, 8, 5, 9, 4, 3, 7, 2, 1, 10] # -0.17575757575757575 # -0.1111111111111111 # {6, 8, 5, 9, 4, 3, 7, 2, 1, 10}
Score these num_responses responses in the AUT for the item: rope. ID=1: 1 Turning it into a swing on a sturdy tree branch ID=2: 2 Creating a DIY hammock for outdoor relaxation ID=3: 3 Tying it across two trees to create a zipline ID=4: 4 Making a rope ladder for a treehouse or bunk bed ID=5:5 Creating a DIY climbing wall with ropes for an indoor or outdoor space ID=6:6 Tying it to a tractor or ATV for a fun game of tugofwar ID=7:7 Crafting a rope bulletin board for organizing notes and papers ID=8:8 Weaving it into a unique piece of wall art or rugID=9: 9 Tying it to a bucket to make a simple DIY pulley system ID=10: 10 Making rope handles for a DIY wooden crate or storage box Give a specific ranking as a list of the IDs e.g. {1, 2, 3, 4, 5, 6, 7, 8, ,9, 10} and don't explain your ranking # [7, 5, 9, 3, 4, 2, 1, 10, 6, 8] # [5, 4, 3, 2, 1, 6, 7, 8, 9, 10] # 0.2727272727272727 # 0.15555555555555553 # {5, 4, 3, 2, 1, 6, 7, 8, 9, 10}
Score these num_responses responses in the AUT for the item: rope. ID=1: 1 Create a Macramé wall hanging or plant holder ID=2: 2 Use as a makeshift clothesline or to hang up a hammock ID=3: 3 Weave a rope rug or mat ID=4: 4 Create a rope swing or zipline in your backyard ID=5:5 Use as a pulley system to lift heavy items ID=6:6 Make a pet leash or toy for your furry friend ID=7:7 Create a hanging bookshelf or storage organizer ID=8:8 Use as a makeshift belt or strap for a piece of furnitureID=9: 9 Create an obstacle course or rope bridge for kids to play on ID=10: 10 Use as a decorative element in DIY home decor projects Give a specific ranking as a list of the IDs e.g. {1, 2, 3, 4, 5, 6, 7, 8, ,9, 10} and don't explain your ranking # [5, 9, 8, 4, 7, 6, 3, 10, 2, 1] # [4, 9, 5, 7, 3, 1, 2, 6, 8, 10] # -0.17575757575757575 # -0.1111111111111111 # {4, 9, 5, 7, 3, 1, 2, 6, 8, 10}
Score these num_responses responses in the AUT for the item: rope. ID=1: 1 Using rope to create a DIY hammock ID=2: 2 Tying up a tree swing with a rope ID=3: 3 Creating a rope ladder for a treehouse or loft ID=4: 4 Making a rope course for outdoor team building activities ID=5:5 Using rope to create a nauticalthemed decor like a wall hanging or a net ID=6:6 Tying up a tarp tent or canopy with a rope ID=7:7 Creating a rope bridge over a small stream or creek ID=8:8 Using rope to hang planters or a lanternID=9: 9 Making a rope dog leash or collar ID=10: 10 Using rope to create an obstacle course for backyard challenges Give a specific ranking as a list of the IDs e.g. {1, 2, 3, 4, 5, 6, 7, 8, ,9, 10} and don't explain your ranking # [3, 8, 6, 7, 10, 2, 1, 4, 5, 9] # [4, 10, 7, 3, 2, 1, 5, 6, 8, 9] # 0.29696969696969694 # 0.24444444444444444 # {4, 10, 7, 3, 2, 1, 5, 6, 8, 9}
Score these num_responses responses in the AUT for the item: rope. ID=1: 1 Use it as a swing in your backyard or park ID=2: 2 Create a hammock with it ID=3: 3 Make a rope ladder to access hardtoreach areas ID=4: 4 Create a rope bridge across a small stream or creek ID=5:5 Use it as a clothesline to dry your clothes outdoors ID=6:6 Decorate with it by weaving it into designs on a wall or furniture ID=7:7 Use it as a leash for your pet ID=8:8 Create an obstacle course for a kids' party or teambuilding activityID=9: 9 Use it as a jump rope for exercise or fun ID=10: 10 Create a DIY pulley system to move heavy objects easily Give a specific ranking as a list of the IDs e.g. {1, 2, 3, 4, 5, 6, 7, 8, ,9, 10} and don't explain your ranking # [7, 8, 9, 1, 4, 10, 2, 6, 3, 5] # [9, 4, 3, 10, 2, 1, 5, 8, 7, 6] # -0.5272727272727272 # -0.37777777777777777 # {9, 4, 3, 10, 2, 1, 5, 8, 7, 6}
Score these num_responses responses in the AUT for the item: rope. ID=1: 1 Create a DIY rope swing in your backyard ID=2: 2 Use it as a clothesline to air dry your laundry ID=3: 3 Decorate with it by tying it around vases or hanging it on walls ID=4: 4 Tie it up as a makeshift curtain or room divider ID=5:5 Make a rope ladder to reach high places ID=6:6 Use it as a leash for a pet that loves to pull ID=7:7 Fashion it into a rope hammock for a relaxing reading spot ID=8:8 Create a rope obstacle course for children or adultsID=9: 9 Use it as a safety net for highwire performances or stunts ID=10: 10 Make a rope handle for a rusticstyle tote bag or basket Give a specific ranking as a list of the IDs e.g. {1, 2, 3, 4, 5, 6, 7, 8, ,9, 10} and don't explain your ranking # [6, 3, 7, 9, 5, 1, 4, 8, 10, 2] # [1, 8, 5, 7, 3, 4, 10, 2, 9, 6] # 0.0303030303030303 # 0.06666666666666667 # {1, 8, 5, 7, 3, 4, 10, 2, 9, 6}
Score these num_responses responses in the AUT for the item: rope. ID=1: 1 Create a DIY hammock by weaving the rope through a series of knots ID=2: 2 Use the rope to create a homemade tire swing ID=3: 3 Use the rope to create a rusticlooking wall hanging ID=4: 4 Create a rope ladder to use as a decorative element in your home ID=5:5 Build a fort or treehouse using a combination of rope and wood ID=6:6 Using rope to create a miniature rope bridge in your backyard for kids to play ID=7:7 Use the rope to create a beautiful set of macrame plant holders ID=8:8 Braid the rope to create a funkylooking handle for a purse or tote bagID=9: 9 Use the rope to create your own DIY headboard for your bed ID=10: 10 Use rope to create a clothesline for airdrying laundry Give a specific ranking as a list of the IDs e.g. {1, 2, 3, 4, 5, 6, 7, 8, ,9, 10} and don't explain your ranking # [1, 3, 9, 4, 6, 8, 7, 2, 5, 10] # [5, 6, 7, 9, 10, 1, 2, 3, 4, 8] # 0.09090909090909088 # 0.06666666666666667 # {5, 6, 7, 9, 10, 1, 2, 3, 4, 8}
Score these num_responses responses in the AUT for the item: rope. ID=1: 1 Create a unique wall art piece by coiling a rope into a creative pattern and securing it to a canvas or board ID=2: 2 Use a rope as a makeshift clothesline for drying clothes or hanging decorations ID=3: 3 Weave a rope into a sturdy hammock for relaxing outdoors ID=4: 4 Make a DIY rope swing for your backyard or local park ID=5:5 Use a rope to create a fun obstacle course for kids to play on ID=6:6 Tie a rope into a decorative knot and use as a curtain tieback ID=7:7 Create a vertical garden by hanging planters from a rope ID=8:8 Use a rope to make a stylish and practical macramé plant hangerID=9: 9 Construct a rustic headboard by wrapping a rope around a wooden frame ID=10: 10 Use a rope to make a unique and durable leash for your pet Give a specific ranking as a list of the IDs e.g. {1, 2, 3, 4, 5, 6, 7, 8, ,9, 10} and don't explain your ranking # [5, 4, 2, 7, 8, 6, 9, 3, 1, 10] # [3, 4, 8, 10, 1, 2, 5, 6, 7, 9] # -0.06666666666666665 # -0.15555555555555553 # {3, 4, 8, 10, 1, 2, 5, 6, 7, 9}
Score these num_responses responses in the AUT for the item: rope. ID=1: 1 Turn it into a swing for kids or adults ID=2: 2 Use it as a way to string up lights for a party or outdoor gathering ID=3: 3 Create a rope obstacle course for a challenging workout ID=4: 4 Use it to tie down outdoor furniture during a storm ID=5:5 Make a rope ladder for a treehouse or cabin ID=6:6 Turn it into a makeshift leash for a pet in a pinch ID=7:7 Use it as a clothesline for drying laundry outside ID=8:8 Tie one end to a car and the other to a sled for a makeshift tow system in the snowID=9: 9 Turn it into a simple pulley system for lifting heavy objects ID=10: 10 Use it as a decorative element in a room by draping it across a wall and hanging photos or other objects from it Give a specific ranking as a list of the IDs e.g. {1, 2, 3, 4, 5, 6, 7, 8, ,9, 10} and don't explain your ranking # [9, 7, 4, 10, 8, 6, 5, 2, 1, 3] # [5, 9, 2, 1, 3, 8, 4, 6, 7, 10] # -0.43030303030303024 # -0.28888888888888886 # {5, 9, 2, 1, 3, 8, 4, 6, 7, 10}
Score these num_responses responses in the AUT for the item: rope. ID=1: 1 Use it as a swing in the backyard ID=2: 2 Create a rope bridge across a small ravine or creek ID=3: 3 Use it to make a DIY hammock ID=4: 4 Use it to create a pulley system for lifting heavy objects ID=5:5 Use it to make a rope ladder for climbing up to a treehouse or attic ID=6:6 Use it to create an obstacle course ID=7:7 Use it to tie up a makeshift clothesline for drying clothes ID=8:8 Use it to make a rope leash for walking a large dogID=9: 9 Use it for knottying practice a hobby that can be surprisingly satisfying ID=10: 10 Use it to create a tightrope for circusinspired entertainment Give a specific ranking as a list of the IDs e.g. {1, 2, 3, 4, 5, 6, 7, 8, ,9, 10} and don't explain your ranking # [4, 8, 7, 1, 5, 3, 10, 2, 9, 6] # [2, 10, 6, 4, 5, 3, 8, 7, 1, 9] # 0.2727272727272727 # 0.19999999999999998 # {2, 10, 6, 4, 5, 3, 8, 7, 1, 9}
Score these num_responses responses in the AUT for the item: rope. ID=1: 1 Create a makeshift swing in your backyard by attaching a rope to a sturdy tree branch ID=2: 2 Use a rope to make a DIY rope ladder that can be hung from a tree or balcony ID=3: 3 Turn your rope into a tugofwar game for kids to play ID=4: 4 Use a rope to create a sturdy clothesline for drying clothes ID=5:5 Make a suspended hammock by tying a rope to two trees and adding a piece of fabric for support ID=6:6 Use a rope as a makeshift fence to keep pets or small children in a certain area ID=7:7 Attach a rope to a wall and use it as a hanging system for plants or artwork ID=8:8 Use a rope to play a game of limbo at a partyID=9: 9 Create a strong rope handle for carrying heavy objects ID=10: 10 Use a rope to create a DIY balance beam for kids to practice their balance skills Give a specific ranking as a list of the IDs e.g. {1, 2, 3, 4, 5, 6, 7, 8, ,9, 10} and don't explain your ranking # [8, 3, 5, 4, 10, 1, 2, 6, 7, 9] # [5, 2, 4, 1, 6, 7, 9, 3, 8, 10] # 0.19999999999999998 # 0.19999999999999998 # {5, 2, 4, 1, 6, 7, 9, 3, 8, 10}