Score these num_responses responses in the AUT for the item: box. ID=1: 1 Turn it into a puppet theater by cutting out a window and decorating it with curtains and a stage ID=2: 2 Use it as a shadow box display to showcase small items or souvenirs ID=3: 3 Stack boxes to create a makeshift bookshelf or storage unit ID=4: 4 Cut the box into shapes and use them as stencils for painting or crafting ID=5:5 Turn it into a makeshift easel by propping it up and securing a piece of paper or canvas to the front ID=6:6 Cover the box in fabric or wallpaper to create a decorative storage container ID=7:7 Use the box as a compost bin for food scraps and organic material ID=8:8 Cut a hole in the box and insert a light to create a DIY lampshadeID=9: 9 Use the box as a packaging material for gifts or shipments Decorate it with colorful wrapping paper or stickers ID=10: 10 Cut the box into strips and use them as building blocks for a cardboard fort or castle Give a specific ranking as a list of the IDs e.g. {1, 2, 3, 4, 5, 6, 7, 8, ,9, 10} and don't explain your ranking # [6, 7, 3, 8, 2, 10, 9, 5, 1, 4] # [5, 10, 1, 2, 3, 4, 6, 8, 9, 7] # -0.07878787878787878 # -0.06666666666666667 # {5, 10, 1, 2, 3, 4, 6, 8, 9, 7}
Score these num_responses responses in the AUT for the item: box. ID=1: 1 Turn a cardboard box into a fun playhouse for kids by painting it and adding cutout windows and a door ID=2: 2 Use a large box as a makeshift sled by sliding down a hill on it ID=3: 3 Create a unique piece of furniture by stacking and securing boxes of different sizes and shapes and adding a cushion on top to make a DIY ottoman ID=4: 4 Cut out the sides and use a box as a frame for a photo or artwork display ID=5:5 Use a box as a portable pet bed for small dogs or cats when traveling ID=6:6 Cover a box in felt or fabric and filled with different shapes and textures to create a sensory play box for toddlers ID=7:7 Turn a box into a stylish gift box by wrapping it in decorative paper and adding a ribbon and bow ID=8:8 Cut up small boxes to make a DIY puzzle for childrenID=9: 9 Use a box to start a DIY herb garden by filling it with soil and planting seeds or seedlings ID=10: 10 Create an obstacle course for kids by using boxes of different sizes and shapes to jump over crawl under or run around Give a specific ranking as a list of the IDs e.g. {1, 2, 3, 4, 5, 6, 7, 8, ,9, 10} and don't explain your ranking # [10, 9, 8, 1, 3, 7, 5, 2, 4, 6] # [1, 3, 10, 6, 4, 9, 2, 5, 7, 8] # -0.10303030303030303 # -0.022222222222222223 # {1, 3, 10, 6, 4, 9, 2, 5, 7, 8}
Score these num_responses responses in the AUT for the item: box. ID=1: 1 Turn it into a makeshift cat house or igloo Cut a hole in one side and furnish it with a soft comfortable blanket for your furry pal ID=2: 2 Create a sustainable and stylish shelf by stacking several sturdy cardboard boxes together ID=3: 3 Transform it into a personalized gift basket by decorating it with wrapping paper ribbon and a handmade card ID=4: 4 Use it as a DIY photo booth backdrop by painting designing or covering it with wallpaper or fabric that suits your theme ID=5:5 Make your own athome arcade game by cutting out holes for different targets like in a skeeball machine and assigning varying point values for each ID=6:6 Use it as a base for a pinata or for crafts such as making a cardboard robot or castle ID=7:7 Tape together several boxes to create a hallway or maze for your kids to crawl through and play games like hide and seek ID=8:8 Create a makeshift greenhouse to start your own vegetable or herb garden using only a transparent plastic sheet and a cardboard boxID=9: 9 Make custom DIY storage containers for your office closet or craft supplies by cutting and assembling from sturdy cardboard boxes ID=10: 10 Fashion an ecofriendly and reusable Halloween costume such as a robot transformer or ninja using old boxes and other found materials Give a specific ranking as a list of the IDs e.g. {1, 2, 3, 4, 5, 6, 7, 8, ,9, 10} and don't explain your ranking # [4, 3, 6, 8, 9, 2, 10, 1, 5, 7] # [5, 8, 9, 2, 4, 1, 6, 3, 7, 10] # 0.2121212121212121 # 0.19999999999999998 # {5, 8, 9, 2, 4, 1, 6, 3, 7, 10}
Score these num_responses responses in the AUT for the item: box. ID=1: 1 Turn it into a minigarden by lining it with plastic and adding soil and herbs ID=2: 2 Cut off the flaps and use it as a sled to slide down hills ID=3: 3 Make a photo booth by covering it with patterned paper and attaching photo props to the sides ID=4: 4 Create a game of minigolf by cutting holes in the box and using paper cups as targets ID=5:5 Turn it into a pinata by filling it with candy and decorating it with colorful crepe paper ID=6:6 Use it as a cozy reading nook by lining it with cushions and adding a lamp inside ID=7:7 Build a maze by creating various obstacles and tunnels inside the box ID=8:8 Fashion a ramp for toy cars by cutting a slope and attaching a starting line and finish lineID=9: 9 Use it as a projector by cutting a hole in one end and attaching a smartphone or tablet to the other ID=10: 10 Create a shadow puppet theater by cutting shapes out of the box and using a flashlight to cast shadows on the wall Give a specific ranking as a list of the IDs e.g. {1, 2, 3, 4, 5, 6, 7, 8, ,9, 10} and don't explain your ranking # [6, 8, 7, 1, 10, 4, 9, 2, 5, 3] # [1, 6, 4, 10, 5, 2, 3, 8, 9, 7] # -0.5272727272727272 # -0.37777777777777777 # {1, 6, 4, 10, 5, 2, 3, 8, 9, 7}
Score these num_responses responses in the AUT for the item: box. ID=1: 1 A cat playground  Cut holes in the box and attach string or toys to create a fun play area for cats ID=2: 2 A mini basketball hoop  Cut a hole in the side of the box and attach a mini hoop for a fun indoor game ID=3: 3 A cardboard puppet theatre  Use the box as a stage add curtains and create cardboard puppets for a fun puppet show ID=4: 4 A DIY camera obscura  Cut a small hole in the box and use it to project an image onto a wall or screen for a unique viewing experience ID=5:5 A selfsustaining garden  Turn the box into a mini greenhouse by adding soil and seeds and watch your plants grow ID=6:6 A temporary bed for a pet  Line the box with soft bedding and create a cozy space for your furry friend ID=7:7 A cardboard helmet  Use the box to create a fun and imaginative helmet for a child's dressup play ID=8:8 A pinhole camera  Using a black box add a small hole and create your own camera that takes unique imagesID=9: 9 A musical instrument  Add strings or rubber bands to create a homemade guitar or make a drum out of the box ID=10: 10 A makeshift fort  Create a fun and cozy play area inside the box by adding blankets pillows and fairy lights Give a specific ranking as a list of the IDs e.g. {1, 2, 3, 4, 5, 6, 7, 8, ,9, 10} and don't explain your ranking # [6, 4, 7, 2, 1, 3, 9, 10, 5, 8] # [5, 4, 8, 1, 2, 3, 6, 9, 7, 10] # 0.8666666666666665 # 0.7333333333333333 # {5, 4, 8, 1, 2, 3, 6, 9, 7, 10}
Score these num_responses responses in the AUT for the item: box. ID=1: 1 Turn it into a minigarden Cut the top of the box and fill it with soil to grow herbs and small vegetables ID=2: 2 Create a cardboard castle Use different sized boxes to create a castle complete with turrets drawbridge and a moat ID=3: 3 Make a puppet theater Cut out the front of the box and decorate it with curtains and a stage then put on a show using homemade puppets ID=4: 4 Use it as a planter Put soil and plants inside the box and use it as a portable garden ID=5:5 Create a maze for pets Cut out differentsized holes in the box and hide treats inside to challenge a small pet's intelligence ID=6:6 Make a DIY pinball machine Cut the top of the box off attach pegs and springs to create an obstacle course and use a marble or ball bearing as the ball ID=7:7 Build a homemade camera obscura Turn a box into a camera obscura to project an image onto a wall ID=8:8 Create a storage box Cover the outside of the box with fabric or wallpaper and use it to store miscellaneous itemsID=9: 9 Make a cat bed Cut a hole in the side of the box and add a soft cushion for a cozy cat bed ID=10: 10 Use it as a fort Cut out windows decorate and use the box as a fort for kids to play in Give a specific ranking as a list of the IDs e.g. {1, 2, 3, 4, 5, 6, 7, 8, ,9, 10} and don't explain your ranking # [4, 2, 9, 3, 10, 6, 5, 1, 7, 8] # [1, 3, 6, 7, 2, 4, 5, 9, 8, 10] # -0.04242424242424241 # -0.022222222222222223 # {1, 3, 6, 7, 2, 4, 5, 9, 8, 10}
Score these num_responses responses in the AUT for the item: box. ID=1: 1 Turn a cardboard box into a bookshelf by stacking several boxes on top of each other and adding shelves inside ID=2: 2 Use a box as a planter for a small herb garden or as a base for creating a terrarium ID=3: 3 Cut a box into strips and use them to weave into a funky chair or stool ID=4: 4 Turn a box into a playhouse or fort for kids with some imagination and a few simple modifications ID=5:5 Create wallmounted storage with boxes by adding brackets and painting them to match your decor ID=6:6 Use a box as a unique piece of wall art by painting or decorating it in a creative way ID=7:7 Create a cat house or scratching post by cutting holes in the box and covering it with carpet or sisal rope ID=8:8 Use boxes to organize craft supplies by labeling each one and stacking them on shelves or in cabinetsID=9: 9 Cut a box into puzzle pieces and use it as a fun DIY activity for kids ID=10: 10 Turn a box into a homemade pinball machine by adding ramps flippers and obstacles inside Give a specific ranking as a list of the IDs e.g. {1, 2, 3, 4, 5, 6, 7, 8, ,9, 10} and don't explain your ranking # [5, 10, 8, 7, 1, 2, 3, 9, 4, 6] # [4, 2, 5, 8, 1, 6, 7, 3, 9, 10] # -0.11515151515151514 # -0.1111111111111111 # {4, 2, 5, 8, 1, 6, 7, 3, 9, 10}
Score these num_responses responses in the AUT for the item: box. ID=1: 1 Turn the box into a playhouse for children Cut out windows and a door decorate it with markers or paint and let them create their own fun space ID=2: 2 Use it as a planter for flowers or herbs Fill the box with soil plant the seeds and watch them grow ID=3: 3 Create a DIY storage box by covering it with patterned paper or fabric and adding dividers inside to organize items ID=4: 4 Make a shadow box and showcase your favorite items such as seashells antique jewelry or a special collection ID=5:5 Use a cardboard box as a building block and create a cardboard fort or castle ID=6:6 Paint the box white black or any color and use it as a backdrop for a photo booth ID=7:7 Cut the box in half tape or glue the bottom halves together to make a standing desk for your laptop ID=8:8 Use the box as a package for gift wrapping Add ribbon bows or glitter for a fun presentationID=9: 9 Make a memory box where you can save special mementos such as ticket stubs photos or letters ID=10: 10 Turn the box into a puppet theater Cut out a rectangle for the stage decorate it with curtains and create puppet characters with paper bags or socks Give a specific ranking as a list of the IDs e.g. {1, 2, 3, 4, 5, 6, 7, 8, ,9, 10} and don't explain your ranking # [6, 2, 10, 4, 8, 9, 3, 7, 1, 5] # [1, 5, 3, 4, 6, 9, 2, 8, 7, 10] # 0.09090909090909088 # 0.022222222222222223 # {1, 5, 3, 4, 6, 9, 2, 8, 7, 10}
Score these num_responses responses in the AUT for the item: box. ID=1: 1 Use a box as a plant holder to create a vertical garden ID=2: 2 Make a cardboard box guitar and have a music session with kids ID=3: 3 Cut a box into pieces and use them as scrapbook decorations gift wrapping or framing artwork ID=4: 4 Create a mini library by decorating a box and converting it into a bookshelf ID=5:5 Cut the box into various shapes and use it to teach kids math puzzles and geometry ID=6:6 Create a cardboard maze with empty boxes and let kids enjoy the game ID=7:7 Use a box as a storage unit place them under the bed or inside a cupboard ID=8:8 Convert the box into an art project let kids paint and decorate using craft materialsID=9: 9 Cut out shapes and letters from boxes to make signage for a DIY wedding ID=10: 10 Create a cosplay design and use cardboard boxes to develop props and costumes Give a specific ranking as a list of the IDs e.g. {1, 2, 3, 4, 5, 6, 7, 8, ,9, 10} and don't explain your ranking # [5, 1, 9, 2, 10, 7, 6, 8, 4, 3] # [1, 3, 4, 5, 6, 7, 2, 8, 9, 10] # 0.0303030303030303 # 0.022222222222222223 # {1, 3, 4, 5, 6, 7, 2, 8, 9, 10}
Score these num_responses responses in the AUT for the item: box. ID=1: 1 Turn a shoebox into a mini herb garden by lining it with plastic and filling it with soil and herb seeds ID=2: 2 Use a large box as a makeshift photo booth by painting it and placing props inside for guests to pose with ID=3: 3 Create a fun game by cutting holes in a box and playing a beanbag toss game ID=4: 4 Turn a cardboard box into a unique piece of wall art by cutting it into geometric shapes and painting it ID=5:5 Cut a box into triangles and use it to create a unique and colorful origami mobile ID=6:6 Create a DIY mailbox by covering a small box in decorative paper or fabric and attaching it to a post ID=7:7 Use a box as a stylish storage solution by covering it in contact paper and adding a fabric lid ID=8:8 Use a box to make a personalized gift by decorating it with paint stickers or washi tape and filling it with thoughtful itemsID=9: 9 Cut a box into circles and use it to create a fun and playful garland ID=10: 10 Make a cozy and comfortable bed for your pet by filling a box with blankets or pillows Give a specific ranking as a list of the IDs e.g. {1, 2, 3, 4, 5, 6, 7, 8, ,9, 10} and don't explain your ranking # [1, 5, 8, 10, 9, 7, 4, 2, 3, 6] # [4, 2, 8, 1, 5, 9, 3, 7, 6, 10] # -0.0303030303030303 # -0.1111111111111111 # {4, 2, 8, 1, 5, 9, 3, 7, 6, 10}
Score these num_responses responses in the AUT for the item: box. ID=1: 1 Turn it into a minigarden by filling it with soil and planting herbs or flowers ID=2: 2 Cut off the top and use it as a makeshift table or desk organizer ID=3: 3 Cover it in colorful paper and turn it into a gift box for a special occasion ID=4: 4 Use it to make a DIY cat or dog house ID=5:5 Create a unique piece of wall art by attaching several boxes to each other and painting them in different colors ID=6:6 Cut it up and use it to make custom storage bins or drawer dividers ID=7:7 Attach some strings to the sides and turn it into a pretend race car or spaceship for kids ID=8:8 Use it as a planter for a mini indoor garden for succulents or small plantsID=9: 9 Paint it and transform it into an affordable storage solution for shoes bags or toys ID=10: 10 Cut it up and make a DIY cardboard castle for kids to play in Give a specific ranking as a list of the IDs e.g. {1, 2, 3, 4, 5, 6, 7, 8, ,9, 10} and don't explain your ranking # [5, 7, 3, 2, 1, 4, 8, 10, 6, 9] # [1, 8, 6, 3, 9, 5, 2, 7, 4, 10] # 0.13939393939393938 # 0.06666666666666667 # {1, 8, 6, 3, 9, 5, 2, 7, 4, 10}
Score these num_responses responses in the AUT for the item: box. ID=1: 1 A homemade speaker box for your smartphone ID=2: 2 A unique planter for your indoor plants ID=3: 3 A DIY dollhouse made entirely out of cardboard boxes ID=4: 4 A makeshift pinball machine using marbles and cardboard tubes ID=5:5 A fun and ecofriendly cat scratcher ID=6:6 A colorful storage unit for your childs toys ID=7:7 A funky Skeeball game for the backyard ID=8:8 A robot costume made out of a cardboard boxID=9: 9 A cardboard castle for your childs imaginative play ID=10: 10 A personalized mailbox for love letters from your partner or family Give a specific ranking as a list of the IDs e.g. {1, 2, 3, 4, 5, 6, 7, 8, ,9, 10} and don't explain your ranking # [5, 2, 7, 1, 9, 8, 10, 3, 4, 6] # [1, 2, 3, 4, 5, 6, 7, 8, 9, 10] # 0.17575757575757575 # 0.15555555555555553 # {1, 2, 3, 4, 5, 6, 7, 8, 9, 10}
Score these num_responses responses in the AUT for the item: box. ID=1: 1 Turn it into a play kitchen for children ID=2: 2 Cut it up and use it as a puzzle ID=3: 3 Use it as a canvas for painting or drawing ID=4: 4 Make it into a pet bed for a small animal ID=5:5 Use it as a planter for growing herbs or small plants ID=6:6 Build a fort or playhouse with it ID=7:7 Create a makeshift mailbox for letters or notes in your home ID=8:8 Use it as a DIY storage bin for shoes or accessoriesID=9: 9 Cut out the sides and use it as a frame for a photo booth at parties ID=10: 10 Turn it into a DIY piñata for birthday parties Give a specific ranking as a list of the IDs e.g. {1, 2, 3, 4, 5, 6, 7, 8, ,9, 10} and don't explain your ranking # [5, 1, 4, 9, 8, 6, 10, 7, 3, 2] # [6, 5, 3, 10, 1, 4, 8, 2, 9, 7] # 0.01818181818181818 # -0.06666666666666667 # {6, 5, 3, 10, 1, 4, 8, 2, 9, 7}
Score these num_responses responses in the AUT for the item: box. ID=1: 1 A DIY photobooth Cut a hole in the side of the box decorate it and add props for an instant photobooth ID=2: 2 A mail organizer Use a cardboard box to store and sort mail You could even decorate it to make it look more appealing ID=3: 3 A storage bin Store toys clothes or anything you want inside a box ID=4: 4 A desk organizer Create compartments in the box to store pens paper clips and other office supplies ID=5:5 A cat house Cut out windows and a door to make a cozy home for your furry friend ID=6:6 A gift wrap station Cut a section off of the side of the box to store wrapping paper tape scissors and other gift wrapping supplies ID=7:7 A bookcase Stack boxes on top of each other to make a custom bookshelf ID=8:8 A fairy house Decorate the box with flowers stones and other natural materials to create a magical home for fairiesID=9: 9 A portable garden Cut out sections of the box to create a mini garden that can be easily moved inside or outside ID=10: 10 A puppet theater Cut a hole in the top of the box and decorate it to create a fun puppet theater that kids will love Give a specific ranking as a list of the IDs e.g. {1, 2, 3, 4, 5, 6, 7, 8, ,9, 10} and don't explain your ranking # [4, 7, 1, 9, 2, 10, 8, 6, 5, 3] # [1, 7, 4, 6, 2, 3, 9, 5, 8, 10] # 0.17575757575757575 # 0.06666666666666667 # {1, 7, 4, 6, 2, 3, 9, 5, 8, 10}
Score these num_responses responses in the AUT for the item: box. ID=1: 1 A makeshift drum set  cover it with different materials to create different sounds ID=2: 2 A cat house  cut out holes and windows for them to play in ID=3: 3 A space helmet  decorate it with silver foil and stickers and pretend to explore space ID=4: 4 A shadow puppet theater  cut out a screen and use a flashlight to make shadows on it ID=5:5 A minigarden  fill it with soil seeds and water for a mini herb or vegetable garden ID=6:6 A time capsule  fill it with objects and memories to bury underground for future generations ID=7:7 A DIY piñata  cover it with colorful crepe paper and fill it with treats ID=8:8 A sensory bin  fill it with different textured materials for young children to exploreID=9: 9 A photo booth  cut out a hole for a camera lens and use props to take fun photos with friends ID=10: 10 A birdhouse  add some perches and a hole for birds to enter and make their nest inside Give a specific ranking as a list of the IDs e.g. {1, 2, 3, 4, 5, 6, 7, 8, ,9, 10} and don't explain your ranking # [9, 8, 7, 1, 5, 3, 6, 10, 2, 4] # [5, 10, 3, 7, 1, 2, 4, 8, 9, 6] # 0.09090909090909088 # 0.06666666666666667 # {5, 10, 3, 7, 1, 2, 4, 8, 9, 6}
Score these num_responses responses in the AUT for the item: box. ID=1: 1 A pretend car or spaceship for kids to play in ID=2: 2 A DIY shadowbox to display cherished items ID=3: 3 A makeshift stand for a laptop or tablet ID=4: 4 A planter for small indoor plants ID=5:5 A scavenger hunt item or clue holder ID=6:6 A minimalist bookshelf for small books ID=7:7 A storage container for crafting supplies ID=8:8 A resting place for a small pet like a hamster or birdID=9: 9 A giant canvas for painting or drawing ID=10: 10 A drum or musical instrument for impromptu jam sessions Give a specific ranking as a list of the IDs e.g. {1, 2, 3, 4, 5, 6, 7, 8, ,9, 10} and don't explain your ranking # [7, 1, 3, 6, 5, 2, 8, 10, 4, 9] # [9, 10, 8, 7, 6, 5, 4, 3, 2, 1] # -0.5393939393939393 # -0.37777777777777777 # {9, 10, 8, 7, 6, 5, 4, 3, 2, 1}
Score these num_responses responses in the AUT for the item: box. ID=1: 1 A makeshift musical instrument cut and decorate the box to create a guitar ukulele or drum set ID=2: 2 A toy car or train attach wheels to the box and decorate it to look like a car or train ID=3: 3 A mini greenhouse line the box with plastic and plant small herbs or flowers inside ID=4: 4 A DIY photo booth cut out holes for the head and arms and decorate the box as a background for photos ID=5:5 A pet hideaway cut a hole in the box for a pet to crawl into and decorate it to match the animal's habitat ID=6:6 A bookshelf stack and secure boxes on top of each other to create a unique bookshelf ID=7:7 A cardboard castle cut and attach pieces together to create a fun castle for kids to play in ID=8:8 A treasure chest decorate the box as a treasure chest for kids to fill with piratethemed toysID=9: 9 A storage container line boxes with newspaper and use them to store seasonal decor or clothes ID=10: 10 A Halloween costume cut and decorate the box to create a unique costume such as a robot or a vending machine Give a specific ranking as a list of the IDs e.g. {1, 2, 3, 4, 5, 6, 7, 8, ,9, 10} and don't explain your ranking # [9, 6, 2, 4, 8, 5, 7, 1, 10, 3] # [7, 1, 10, 5, 2, 4, 8, 3, 9, 6] # 0.11515151515151514 # 0.06666666666666667 # {7, 1, 10, 5, 2, 4, 8, 3, 9, 6}
Score these num_responses responses in the AUT for the item: box. ID=1: 1 Turn it into a miniature playhouse for kids by cutting out windows and a door and decorating it with paint or markers ID=2: 2 Use it to create a vertical garden by attaching several boxes to a wall and planting herbs or flowers in them ID=3: 3 Cut holes in the side and turn it into a fun obstacle course for pets to play in ID=4: 4 Use it as a makeshift desk organizer by cutting it down to size and using it to store pens paper clips and other office supplies ID=5:5 Use it as a spacesaving cat litter box enclosure by cutting a hole in one side and placing the litter box inside ID=6:6 Create a DIY birdhouse by cutting a hole in the side and decorating it with paint or markers ID=7:7 Use it to make a DIY shadow puppet theater by cutting a slit in the top and projecting a light source onto it ID=8:8 Use it to store winter clothing or linens in the attic or garage by labeling each box with its contentsID=9: 9 Turn it into a makeshift TV stand by cutting down to size and placing your television on top ID=10: 10 Use it to create a spooky Halloween decoration by painting it black and adding cutouts of bats spiders and other creepy crawlies Give a specific ranking as a list of the IDs e.g. {1, 2, 3, 4, 5, 6, 7, 8, ,9, 10} and don't explain your ranking # [3, 7, 10, 9, 6, 8, 2, 4, 5, 1] # [2, 7, 1, 6, 10, 3, 5, 4, 8, 9] # -0.29696969696969694 # -0.24444444444444444 # {2, 7, 1, 6, 10, 3, 5, 4, 8, 9}
Score these num_responses responses in the AUT for the item: box. ID=1: 1 Turn the box into a personal time capsule by filling it with special memories and mementos from your life ID=2: 2 Use the box as a makeshift storage container to organize small items such as craft supplies or office accessories ID=3: 3 Cut off the top and bottom of the box then wrap it in fun patterns and use it as a DIY gift box ID=4: 4 Create a miniature garden by filling the box with soil and planting flowers or herbs ID=5:5 Cut a hole in the front of the box and use it as a puppet theater by placing small stuffed animals or puppets inside ID=6:6 Create a DIY pinball machine by suspending a marble inside the box and attaching flippers and scoring mechanisms ID=7:7 Use multiple boxes to create a DIY obstacle course or maze for children or small pets to navigate ID=8:8 Fill the box with small toys or trinkets and use it as a prize box for games or activitiesID=9: 9 Use the box as a makeshift guitar by attaching rubber bands or strings across the opening and strumming them ID=10: 10 Paint the box and transform it into a unique piece of room decor or statement piece Give a specific ranking as a list of the IDs e.g. {1, 2, 3, 4, 5, 6, 7, 8, ,9, 10} and don't explain your ranking # [10, 6, 5, 9, 3, 1, 7, 2, 8, 4] # [1, 6, 4, 2, 8, 3, 5, 9, 7, 10] # -0.5151515151515151 # -0.37777777777777777 # {1, 6, 4, 2, 8, 3, 5, 9, 7, 10}
Score these num_responses responses in the AUT for the item: box. ID=1: 1 A makeshift children's playhouse ID=2: 2 A storage container turned into a DIY pet bed ID=3: 3 A unique and ecofriendly gift wrapping alternative ID=4: 4 A DIY cardboard furniture piece ID=5:5 An artistic canvas for individual expression ID=6:6 A selfcontained herb or vegetable garden ID=7:7 A handmade treasure chest for keepsakes ID=8:8 A smart storage option for shoes or accessoriesID=9: 9 A simple and effective way to organize mail or paperwork ID=10: 10 A fun and whimsical backdrop for a photo booth Give a specific ranking as a list of the IDs e.g. {1, 2, 3, 4, 5, 6, 7, 8, ,9, 10} and don't explain your ranking # [4, 3, 5, 8, 9, 10, 2, 1, 6, 7] # [6, 10, 4, 2, 8, 1, 7, 3, 9, 5] # -0.29696969696969694 # -0.24444444444444444 # {6, 10, 4, 2, 8, 1, 7, 3, 9, 5}
Score these num_responses responses in the AUT for the item: box. ID=1: 1 Turn it into a mini herb garden by cutting out sections and planting herbs ID=2: 2 Create a kid's sensory play box by filling it with different textures colors and toys ID=3: 3 Make a DIY cat condo by stacking boxes and cutting out holes for the cats to climb and play ID=4: 4 Transform it into a retrostyle TV and use it to hold a tablet or phone for watching movies ID=5:5 Use it as a base for a DIY lightbox for photography or artwork ID=6:6 Cut it into shapes and create custom storage pieces for jewelry or craft supplies ID=7:7 Tape together multiple boxes to make a lifesize fort or castle for kids to play in ID=8:8 Convert it into a mini arcade cabinet using a Raspberry Pi and retro game emulatorsID=9: 9 Use it as a makeshift drum set for kids by adding different objects for unique sounds ID=10: 10 Turn it into a shipping container home and use it for offgrid living or tiny house living Give a specific ranking as a list of the IDs e.g. {1, 2, 3, 4, 5, 6, 7, 8, ,9, 10} and don't explain your ranking # [5, 6, 10, 9, 1, 3, 8, 2, 7, 4] # [10, 8, 7, 3, 1, 2, 5, 6, 9, 4] # 0.3696969696969697 # 0.24444444444444444 # {10, 8, 7, 3, 1, 2, 5, 6, 9, 4}
Score these num_responses responses in the AUT for the item: box. ID=1: 1 Turn it into a DIY pinball machine by adding obstacles and a launch mechanism ID=2: 2 Use it as a makeshift drum set by punching holes in the sides and wrapping it with duct tape ID=3: 3 Create a cardboard castle with cutout windows and a drawbridge ID=4: 4 Use it as a giant bookshelf by stacking boxes and adding dividers ID=5:5 Make a cardboard maze for a pet by cutting holes and tunnels inside ID=6:6 Create a cardboard arcade with multiple games like skeeball and whackamole ID=7:7 Use it as a planter box by lining it with plastic and adding soil and plants ID=8:8 Turn it into a puppet theater by cutting out a stage and adding curtainsID=9: 9 Create a cardboard car or spaceship for kids to play in ID=10: 10 Make a cardboard windmill or solar panel to teach kids about renewable energy Give a specific ranking as a list of the IDs e.g. {1, 2, 3, 4, 5, 6, 7, 8, ,9, 10} and don't explain your ranking # [4, 8, 3, 5, 9, 2, 6, 10, 7, 1] # [1, 6, 9, 10, 8, 5, 3, 4, 2, 7] # -0.1515151515151515 # -0.06666666666666667 # {1, 6, 9, 10, 8, 5, 3, 4, 2, 7}
Score these num_responses responses in the AUT for the item: box. ID=1: 1 Use it as a makeshift stage for a puppet show ID=2: 2 Cut out holes and make a DIY cardboard maze ID=3: 3 Paint it and use it as a unique storage container ID=4: 4 Use it as a pretend spaceship for imaginative play ID=5:5 Create a shadow puppet theater by shining a light through the box ID=6:6 Make a cat or dog house for your pet to play in ID=7:7 Use multiple boxes to make a tower and play Jenga ID=8:8 Create a giant cardboard domino setID=9: 9 Use it as a building block to make a cardboard fort ID=10: 10 Create a DIY pinball machine with marbles and a cardboard box Give a specific ranking as a list of the IDs e.g. {1, 2, 3, 4, 5, 6, 7, 8, ,9, 10} and don't explain your ranking # [8, 3, 10, 5, 2, 6, 1, 9, 7, 4] # [4, 10, 6, 9, 8, 5, 3, 2, 7, 1] # -0.18787878787878787 # -0.15555555555555553 # {4, 10, 6, 9, 8, 5, 3, 2, 7, 1}
Score these num_responses responses in the AUT for the item: box. ID=1: 1 Turn it into a mini indoor garden by lining the bottom with soil and planting small plants ID=2: 2 Create a sensory play box for kids with various textures and materials inside the box ID=3: 3 Use it as a makeshift puppet theater ID=4: 4 Turn it into a DIY cardboard playhouse for children ID=5:5 Cut out shapes and letters to make stencils for art projects ID=6:6 Use it as a catchall for small items like keys mail or phone chargers ID=7:7 Create a makeshift pet bed by lining the bottom with a pillow and blanket ID=8:8 Paint it and use it as a decorative storage solutionID=9: 9 Use it to create a treasure hunt by hiding clues or items inside ID=10: 10 Turn it into a DIY pinhole viewer for viewing a solar eclipse or other astronomical events Give a specific ranking as a list of the IDs e.g. {1, 2, 3, 4, 5, 6, 7, 8, ,9, 10} and don't explain your ranking # [6, 8, 5, 7, 10, 2, 3, 1, 9, 4] # [4, 2, 1, 9, 10, 8, 3, 7, 5, 6] # 0.07878787878787878 # 0.06666666666666667 # {4, 2, 1, 9, 10, 8, 3, 7, 5, 6}
Score these num_responses responses in the AUT for the item: box. ID=1: 1 A miniature garden Cut a box in half and use the bottom half as a planter Fill it with soil and small plants such as succulents or herbs ID=2: 2 A puppet theater Cut out a panel in the front of the box and decorate it like a stage Use puppets made out of socks or paper bags to put on a show ID=3: 3 A shadow box Put a light source behind the box and cut out shapes or designs on the sides Watch as the shadows dance and move ID=4: 4 A treasure chest Add some flair to a plain box by painting it and decorating it with jewels beads and other decorations Use it to store small trinkets and treasures ID=5:5 A phone charger station Cut out slots in the box to hold phones and cords Paint and decorate the box to match your decor ID=6:6 A DIY birdhouse Cut a hole in one side of the box and add a perch Add a roof and some decoration then hang it up outside to attract songbirds ID=7:7 A minigolf course Cut out holes in the box and use small objects as obstacles Use a ping pong ball as a golf ball and create a fun game for all ages ID=8:8 A kitchen organizer Cut the box to fit inside a kitchen drawer and use it to organize utensils spices or other small itemsID=9: 9 A bug hotel Fill a box with small sticks leaves and other natural materials to create a home for insects Observe the bugs that move in over time ID=10: 10 A DIY pinball machine Cut out a hole on one side of the box and use rubber bands and small objects to create a pinball machine Add decorations and enjoy a fun game for family and friends Give a specific ranking as a list of the IDs e.g. {1, 2, 3, 4, 5, 6, 7, 8, ,9, 10} and don't explain your ranking # [1, 9, 10, 3, 6, 8, 2, 4, 5, 7] # [6, 4, 2, 7, 5, 8, 3, 9, 10, 1] # -0.32121212121212117 # -0.19999999999999998 # {6, 4, 2, 7, 5, 8, 3, 9, 10, 1}