Score these num_responses responses in the AUT for the item: book. ID=1: 1 Bookends  repurpose the book as a decorative bookend to hold up other books ID=2: 2 Secret storage  carve out a hollowed out compartment to hide valuables or a small plant inside the book ID=3: 3 Artwork  create an art piece by folding the pages of the book into different shapes or patterns ID=4: 4 Lampshade  attach a light fixture and use the book as a homemade lampshade ID=5:5 Plant pot  cut out the center of the pages to create a unique planter for succulents ID=6:6 Phone stand  fashion a phone stand by folding the pages of the book to hold a smartphone ID=7:7 Picture frames  display photos on the pages of a open book and use it as an unconventional layered photograph ID=8:8 Drink coasters  cut pages into squares or circles and use them as ecofriendly coastersID=9: 9 Table runner  lay books out as a table runner or place mat for a quirky dinner party ID=10: 10 DIY Journal  reuse by adding new pages and repurposing it into a handmade journal or sketchbook Give a specific ranking as a list of the IDs e.g. {1, 2, 3, 4, 5, 6, 7, 8, ,9, 10} and don't explain your ranking # [1, 5, 7, 6, 10, 2, 4, 8, 3, 9] # [3, 2, 4, 5, 6, 1, 7, 8, 9, 10] # 0.4787878787878787 # 0.3333333333333333 # {3, 2, 4, 5, 6, 1, 7, 8, 9, 10}
Score these num_responses responses in the AUT for the item: book. ID=1: 1 Use it as a secret hiding place by cutting out a cavity in the pages ID=2: 2 Repurpose it as a picture frame by gluing a photo to the cover and displaying it on a shelf ID=3: 3 Transform it into a plant pot by cutting away the pages and lining the inside with plastic ID=4: 4 Use it as a decorative doorstop by wrapping it in colorful fabric ID=5:5 Cut out the pages to make unique paper crafts like origami or paper mache sculptures ID=6:6 Stack several books to create unique bookshelves or even furniture ID=7:7 Use an old book as a canvas for painting or drawing ID=8:8 Create a collection of bookmarks by cutting pages into strips and decorating themID=9: 9 Photocopy pages to create your own greeting cards or invitations ID=10: 10 Use an old book as a prop in a photo shoot or as part of a themed party decoration Give a specific ranking as a list of the IDs e.g. {1, 2, 3, 4, 5, 6, 7, 8, ,9, 10} and don't explain your ranking # [8, 10, 1, 4, 9, 5, 3, 2, 7, 6] # [6, 7, 5, 9, 10, 1, 2, 3, 4, 8] # 0.4787878787878787 # 0.28888888888888886 # {6, 7, 5, 9, 10, 1, 2, 3, 4, 8}
Score these num_responses responses in the AUT for the item: book. ID=1: 1 Use the pages of a book to create unique and personalized wrapping paper for gifts ID=2: 2 Cut out the pages of a book to create a threedimensional sculpture or art piece ID=3: 3 Turn a book into a stylish and functional lampshade ID=4: 4 Create a book flower bouquet by folding pages into origami flowers and attaching them to stems ID=5:5 Use a book as a makeshift weight for holding down papers or other lightweight items ID=6:6 Cut out pages from a book and turn them into a colorful and intricate paper chain decoration ID=7:7 Transform a book into a decorative birdhouse or feeder ID=8:8 Repurpose a book as a safe storage space by cutting out the pages to create a hidden compartment insideID=9: 9 Use a book as a unique and quirky guest book at a wedding or special event ID=10: 10 Turn a book into an unconventional and eyecatching picture frame by attaching photos to the open pages Give a specific ranking as a list of the IDs e.g. {1, 2, 3, 4, 5, 6, 7, 8, ,9, 10} and don't explain your ranking # [10, 8, 2, 9, 4, 3, 7, 5, 1, 6] # [3, 8, 2, 7, 10, 1, 6, 4, 9, 5] # 0.0303030303030303 # 0.06666666666666667 # {3, 8, 2, 7, 10, 1, 6, 4, 9, 5}
Score these num_responses responses in the AUT for the item: book. ID=1: 1 Book planters Use the hollowedout center of an old book as a planter for small plants or succulents ID=2: 2 Bookend shelves Turn a stack of books into a set of DIY bookends that double as a small wallmounted shelf ID=3: 3 Book safes Create a hidden safe by hollowing out the middle of a book and hiding valuables inside ID=4: 4 Book clocks Use the cover of an old book to make a stylish clock for your wall ID=5:5 Book sculptures Use pages from old books to create intricate sculptures in shapes like birds or flowers ID=6:6 Bookmarks Make your own bookmarks out of old book pages by cutting out interesting shapes or folding them into origami ID=7:7 Book page wallpaper Cover a wall with pages from your favorite book to create a unique and literary wallpaper effect ID=8:8 Book storage boxes Cut the covers off of old encyclopedias or dictionaries and use them as storage boxesID=9: 9 Bookinspired fashion Use pages from old books to create accessories like bow ties necklaces or bracelets ID=10: 10 Book wreaths Create a wreath for your front door or mantel using pages from old books rolled into cones and glued onto a circle of cardboard Give a specific ranking as a list of the IDs e.g. {1, 2, 3, 4, 5, 6, 7, 8, ,9, 10} and don't explain your ranking # [7, 10, 8, 4, 2, 1, 5, 6, 9, 3] # [3, 5, 2, 4, 1, 6, 7, 8, 9, 10] # 0.0303030303030303 # 0.022222222222222223 # {3, 5, 2, 4, 1, 6, 7, 8, 9, 10}
Score these num_responses responses in the AUT for the item: book. ID=1: 1 Book lamp Hollow out a hardcover book and add a light source to create a unique desk lamp ID=2: 2 Book planter Use the pages of a book to create a unique and unexpected planter for succulents or small plants ID=3: 3 Book purse Cut the pages and spine out of a book to create a oneofakind purse ID=4: 4 Bookshelf art Stack books creatively to make a piece of art for your bookshelf ID=5:5 Bookend bookends Cut two books to fit together to create a set of bookends ID=6:6 Book clock Turn a book into a clock by hollowing it out and adding a clock mechanism ID=7:7 Book birdhouse Use an old hardcover book to make a unique birdhouse for your backyard ID=8:8 Book candle Create a custom candle by melting down old candles and pouring the wax into a hollowedout bookID=9: 9 Book journal Create your own journal by using old book covers and blank pages ID=10: 10 Book sculpture Turn old books into unique sculptures by cutting folding and gluing the pages together in creative ways Give a specific ranking as a list of the IDs e.g. {1, 2, 3, 4, 5, 6, 7, 8, ,9, 10} and don't explain your ranking # [9, 6, 10, 7, 8, 4, 1, 3, 2, 5] # [6, 10, 2, 4, 1, 3, 5, 9, 8, 7] # -0.4545454545454545 # -0.28888888888888886 # {6, 10, 2, 4, 1, 3, 5, 9, 8, 7}
Score these num_responses responses in the AUT for the item: book. ID=1: 1 A planter Cut the pages out of a hollowedout book and fill it with soil then plant small succulents or herbs ID=2: 2 A secret hiding spot Hollow out the middle of an old book to create a hiding spot for valuables ID=3: 3 A wall decoration Use old and new books to create a unique and eyecatching wall decoration ID=4: 4 A theater prop Use books as props for a theater production or other type of performance ID=5:5 A journal cover Use old book covers to create covers for your journals adding texture and personality ID=6:6 A game board Create a board game using a book as the game board and pieces fashioned from paper or other materials ID=7:7 A lampshade Cut the pages out of a book and create a unique lampshade ID=8:8 A room divider Stack books on a shelf or use them as a room divider to create a visually interesting and functional spaceID=9: 9 A phone or tablet stand Prop up your phone or tablet on an open book for easy viewing ID=10: 10 A gift box Wrap your gifts in old book pages to create a unique and ecofriendly gift box Give a specific ranking as a list of the IDs e.g. {1, 2, 3, 4, 5, 6, 7, 8, ,9, 10} and don't explain your ranking # [7, 1, 6, 5, 9, 4, 2, 8, 10, 3] # [2, 3, 1, 8, 5, 6, 7, 9, 4, 10] # -0.17575757575757575 # -0.1111111111111111 # {2, 3, 1, 8, 5, 6, 7, 9, 4, 10}
Score these num_responses responses in the AUT for the item: book. ID=1: 1 Turn it into a secret storage compartment by cutting out the center pages and using it to hide small items ID=2: 2 Use the pages as wrapping paper for gifts ID=3: 3 Create a unique piece of wall art by folding the pages into a sculpture ID=4: 4 Use the book as a doorstop or a weight for pressing flowers ID=5:5 Turn it into a unique journal by replacing the original content with your own writing or drawing ID=6:6 Use the pages to create a personalized scrapbook or photo album ID=7:7 Place it on a shelf to add a decorative touch to a room ID=8:8 Use the pages as a material for origami or paper craftsID=9: 9 Create a birdhouse or nesting box by hollowing out the center of the book and covering with waterproof material ID=10: 10 Use the book as a platform for displaying small objects or collectibles Give a specific ranking as a list of the IDs e.g. {1, 2, 3, 4, 5, 6, 7, 8, ,9, 10} and don't explain your ranking # [2, 1, 3, 9, 6, 8, 10, 4, 7, 5] # [9, 6, 5, 3, 8, 1, 4, 2, 7, 10] # -0.406060606060606 # -0.28888888888888886 # {9, 6, 5, 3, 8, 1, 4, 2, 7, 10}
Score these num_responses responses in the AUT for the item: book. ID=1: 1 Convert the book into a secret hiding spot by cutting out a portion of the pages and placing small items inside ID=2: 2 Use the book as a makeshift laptop or tablet stand ID=3: 3 Craft a unique art piece by folding the pages of the book into a 3D sculpture ID=4: 4 Turn the book into a personalized notebook or journal by removing pages and adding blank ones ID=5:5 Create a book clock by hollowing out the center of a hardcover book and fitting it with a clock mechanism ID=6:6 Use the pages as unique wrapping paper for small gifts ID=7:7 Transform the pages into confetti to add to party decorations ID=8:8 Create a DIY book plant holder by cutting a hole in the center of the book and inserting a small plant potID=9: 9 Build a bookshelf that doubles as a comfortable reading nook by securing a cushion to the top of several books ID=10: 10 Use the book as a base to level furniture legs on uneven floors Give a specific ranking as a list of the IDs e.g. {1, 2, 3, 4, 5, 6, 7, 8, ,9, 10} and don't explain your ranking # [6, 4, 3, 5, 2, 9, 7, 8, 1, 10] # [5, 9, 1, 3, 4, 2, 8, 6, 7, 10] # 0.22424242424242422 # 0.15555555555555553 # {5, 9, 1, 3, 4, 2, 8, 6, 7, 10}
Score these num_responses responses in the AUT for the item: book. ID=1: 1 Cutting out pages to create intricate paper art or sculptures ID=2: 2 Hollowing out the middle of the book to create a secret hiding spot ID=3: 3 Using old books as home decor by stacking them to create a unique shelf or table ID=4: 4 Turning books into a unique guestbook for weddings or special events ID=5:5 Creating a unique lampshade by folding pages into a cylindrical lamp cover ID=6:6 Turning a book into a unique jewelry box by cutting out the pages and adding dividers ID=7:7 Using old books as props for photography or film shoots ID=8:8 Creating a unique piece of clothing by using book pages to create a fabriclike materialID=9: 9 Using books as unique centerpieces for events or dinner parties ID=10: 10 Creating a unique plant holder by hollowing out the middle and placing a small plant inside Give a specific ranking as a list of the IDs e.g. {1, 2, 3, 4, 5, 6, 7, 8, ,9, 10} and don't explain your ranking # [1, 8, 3, 2, 7, 4, 6, 10, 9, 5] # [2, 1, 5, 6, 4, 3, 7, 9, 10, 8] # 0.4424242424242424 # 0.28888888888888886 # {2, 1, 5, 6, 4, 3, 7, 9, 10, 8}
Score these num_responses responses in the AUT for the item: book. ID=1: 1 A hidden compartment cut out the pages and create a secret compartment to store valuables ID=2: 2 A plant pot hollow out the middle of the book and fill it with soil and a small succulent plant ID=3: 3 A lampshade fold pages into triangles and glue them together to create a unique lampshade ID=4: 4 A phone stand stand your phone up in a book with the pages folded to create a holder ID=5:5 A birdhouse cut out a little hole in the book cover and add a small perch for a cute birdhouse ID=6:6 A purse cut out the pages and glue them together to create a durable and unique purse ID=7:7 A picture frame cut out a picturesized hole in the book cover and insert a favorite photo ID=8:8 A hideaway create a cozy little reading nook inside a book with blankets and pillowsID=9: 9 A camera strap cover a camera strap with the cover of a favorite book for a literary touch ID=10: 10 A game board use the pages of the book to create a unique and personalized game board for a board game Give a specific ranking as a list of the IDs e.g. {1, 2, 3, 4, 5, 6, 7, 8, ,9, 10} and don't explain your ranking # [3, 9, 7, 5, 8, 10, 2, 4, 6, 1] # [5, 3, 6, 7, 4, 2, 9, 1, 8, 10] # -0.6242424242424242 # -0.5555555555555555 # {5, 3, 6, 7, 4, 2, 9, 1, 8, 10}
Score these num_responses responses in the AUT for the item: book. ID=1: 1 Bookend Use the book to hold up other books on a shelf or table ID=2: 2 Secret compartment Cut out the pages to make a hidden storage compartment within the book ID=3: 3 Tablet or phone stand Use the book to prop up a tablet or phone for handsfree use ID=4: 4 Flower press Place flowers or leaves between the pages and let the weight of the book press them flat and dry ID=5:5 Wall décor Hang a set of books on a wall to create an interesting and unique display ID=6:6 Book clutch Repurpose the cover of a hardcover book to make a stylish clutch bag ID=7:7 Coaster Cut the cover of a hardcover book into coasters for drinks ID=8:8 Lamp base Stack books of varying sizes and styles to create a unique lamp baseID=9: 9 Picture frame Cut out the pages of a book to create a frame for a small photo or picture ID=10: 10 DIY notebook Remove the pages of an old book and bind new pages in to create a oneofakind notebook Give a specific ranking as a list of the IDs e.g. {1, 2, 3, 4, 5, 6, 7, 8, ,9, 10} and don't explain your ranking # [5, 6, 3, 10, 4, 7, 9, 8, 1, 2] # [5, 8, 2, 4, 1, 3, 7, 9, 6, 10] # 0.0303030303030303 # 0.022222222222222223 # {5, 8, 2, 4, 1, 3, 7, 9, 6, 10}
Score these num_responses responses in the AUT for the item: book. ID=1: 1 A hiding place a book with a cutout center can be a secret hiding place for small items ID=2: 2 A phone or tablet stand prop up your device with a hardcover book with a good spine ID=3: 3 A picture frame glue photos inside a book and decorate the pages to make a unique and personal photo frame ID=4: 4 A plant holder hollow out the center of a hardcover book and add soil to hold small plants or succulents ID=5:5 A recipe holder use a cookbook to hold your recipes while you cook to keep your hands free and your recipe clean ID=6:6 A jewelry box glue felt inside a hollowedout book to create a vintageinspired jewelry box ID=7:7 A wall art installation create a unique book wall art installation using pages from a book to create an intricate design or collage ID=8:8 A travel journal use an old book as a journal and document your travels with ticket stubs postcards and drawingsID=9: 9 A handbag fold and glue pages from a book together to create a unique and sustainable handbag ID=10: 10 A birdhouse hollow out a large book and attach it to a wooden birdhouse frame to create a quirky and literarythemed birdhouse Give a specific ranking as a list of the IDs e.g. {1, 2, 3, 4, 5, 6, 7, 8, ,9, 10} and don't explain your ranking # [4, 10, 5, 3, 7, 8, 1, 2, 6, 9] # [7, 9, 10, 2, 3, 6, 1, 5, 4, 8] # 0.5757575757575757 # 0.4666666666666666 # {7, 9, 10, 2, 3, 6, 1, 5, 4, 8}
Score these num_responses responses in the AUT for the item: book. ID=1: 1 As a decorative item for a room stacked in an interesting way or arranged by color ID=2: 2 As a makeshift laptop or tablet stand ID=3: 3 As a doorstop or paperweight ID=4: 4 As a tool for pressing flowers or plants ID=5:5 To create a hidden storage compartment by hollowing out the pages ID=6:6 As material for DIY crafting such as making paper flowers or book page wreaths ID=7:7 To create a photo album or scrapbook with a unique cover ID=8:8 As a prop or set piece for a play or movieID=9: 9 To create a personalized gift by filling in the margins with notes quotes or recipes and giving it to a loved one ID=10: 10 To create an interactive art piece by cutting and folding the pages to create a 3D structure Give a specific ranking as a list of the IDs e.g. {1, 2, 3, 4, 5, 6, 7, 8, ,9, 10} and don't explain your ranking # [5, 9, 7, 4, 1, 8, 2, 6, 10, 3] # [5, 10, 9, 6, 7, 8, 2, 1, 3, 4] # 0.2727272727272727 # 0.19999999999999998 # {5, 10, 9, 6, 7, 8, 2, 1, 3, 4}
Score these num_responses responses in the AUT for the item: book. ID=1: 1 As a decoration piece  A book with a beautiful cover or spine can be used to decorate a living or bedroom A pile of books can be turned into a statement piece or a prop for a photoshoot ID=2: 2 As a secret compartment  By carving out the inside pages a book can be transformed into a secret compartment to store small items like jewelry or keys ID=3: 3 As a plant pot  Cutting a rectangular hole into the pages of a book and filling it with soil can make for a unique and quirky plant pot ID=4: 4 As a phone or tablet stand  A thick hardcover book can be used to hold up your phone or tablet while you watch movies or take part in video calls ID=5:5 As a recipe holder  Keep your favorite recipes organized and easily accessible by using an old book to hold and display them ID=6:6 As a puzzle book  Crosswords sudoku and word searches can all be printed into a book to create a portable puzzle collection ID=7:7 As a lampshade  A DIY lampshade can be created by attaching a book to a wire frame and matching it with a light bulb ID=8:8 As a book art  By folding and cutting the pages of a book intricate designs and art can be created that transform the book into an object of artID=9: 9 As a journal  An old book with blank pages can be transformed into a journal or diary by filling it with your thoughts and memories ID=10: 10 As a birdhouse  A book can be hollowed out and fitted with a small hole to create a birdhouse The spine can also be modified to create a perch for birds to land Give a specific ranking as a list of the IDs e.g. {1, 2, 3, 4, 5, 6, 7, 8, ,9, 10} and don't explain your ranking # [7, 6, 10, 5, 1, 3, 4, 9, 8, 2] # [8, 6, 9, 2, 4, 1, 3, 5, 7, 10] # 0.35757575757575755 # 0.28888888888888886 # {8, 6, 9, 2, 4, 1, 3, 5, 7, 10}
Score these num_responses responses in the AUT for the item: book. ID=1: 1 Use the pages to make unique and personalized wall art ID=2: 2 Create a secret compartment by hollowing out the inside of an old book ID=3: 3 Fold the pages to create intricate origami sculptures or paper flowers ID=4: 4 Use the book as a unique and unconventional gift wrapping ID=5:5 Make a book birdhouse by cutting a hole in the middle of the text block ID=6:6 Use the book as a weight for pressing flowers or leaves ID=7:7 Create a book safe by gluing together the pages and cutting out a compartment for storing small items ID=8:8 Use the pages for decoupage and create unique home decor items such as coasters or bowlsID=9: 9 Cut out letters and words to create personalized quote art ID=10: 10 Use the book as a base for a cactus or succulent planter by hollowing out the pages and filling with soil Give a specific ranking as a list of the IDs e.g. {1, 2, 3, 4, 5, 6, 7, 8, ,9, 10} and don't explain your ranking # [2, 9, 4, 1, 3, 5, 10, 6, 8, 7] # [7, 2, 5, 9, 3, 8, 1, 4, 10, 6] # -0.4424242424242424 # -0.3333333333333333 # {7, 2, 5, 9, 3, 8, 1, 4, 10, 6}
Score these num_responses responses in the AUT for the item: book. ID=1: 1 Turn it into a mini bookshelf and display small plants or trinkets inside ID=2: 2 Use the pages to create original artwork collages or paper sculptures ID=3: 3 Hollow out the inside to create a secret stash box for valuables or keepsakes ID=4: 4 Use the pages to create unique gift tags or bookmarks ID=5:5 Turn it into a lampshade by cutting out shapes and attaching it to an existing lamp frame ID=6:6 Use it as a makeshift laptop stand to improve posture while working from home ID=7:7 Cut out letters or words to create a personalized sign or quote for your wall ID=8:8 Use it as a prop for a photoshoot or movie setID=9: 9 Fold the pages into a threedimensional shape like a butterfly or origami animal ID=10: 10 Use it as a weight to hold down napkins or tablecloths during an outdoor picnic or BBQ Give a specific ranking as a list of the IDs e.g. {1, 2, 3, 4, 5, 6, 7, 8, ,9, 10} and don't explain your ranking # [5, 2, 1, 6, 10, 8, 9, 3, 7, 4] # [3, 2, 4, 1, 5, 6, 7, 8, 9, 10] # 0.17575757575757575 # 0.06666666666666667 # {3, 2, 4, 1, 5, 6, 7, 8, 9, 10}
Score these num_responses responses in the AUT for the item: book. ID=1: 1 Turn a book into a hidden storage compartment by cutting out the pages and gluing them together creating a secret space to store small items ID=2: 2 Use a book as a flower vase by hollowing out the middle and placing a small jar of water inside to hold flowers ID=3: 3 Create a book lamp by cutting the pages at an angle and placing a lightbulb inside to cast a glow ID=4: 4 Make a bookshelf out of books by stacking them horizontally and securing them together with glue or brackets ID=5:5 Turn a book into a phone charging station by cutting out a space for the charging cord and placing the phone inside the hollowedout pages ID=6:6 Use a book as a picture frame by cutting out the middle and pasting a photo to the first page creating a unique display stand ID=7:7 Create a book clock by removing the pages and placing a clock mechanism in the center attaching the hands to the outside cover ID=8:8 Use a book as a purse by adding a handle and reinforcing the cover with cardboard or fabricID=9: 9 Turn a book into a mini bar by cutting out the pages and inserting bottles and glasses into the center ID=10: 10 Use a book as a birdhouse by cutting out a space for the bird to enter and adding twigs and decorations to the cover Give a specific ranking as a list of the IDs e.g. {1, 2, 3, 4, 5, 6, 7, 8, ,9, 10} and don't explain your ranking # [6, 1, 10, 5, 9, 8, 2, 7, 3, 4] # [1, 5, 3, 4, 2, 6, 7, 8, 9, 10] # -0.4666666666666666 # -0.28888888888888886 # {1, 5, 3, 4, 2, 6, 7, 8, 9, 10}
Score these num_responses responses in the AUT for the item: book. ID=1: 1 Turn it into a plant pot holder By cutting a hole through the middle of a thick book you can create a unique plant holder that adds charm to your home decor ID=2: 2 Use it as a visual focal point in your room Stack books of different sizes and colors to create a visually appealing display on your coffee table or shelf ID=3: 3 Create a hidden storage compartment By cutting out the pages of an old book you can create a secret compartment to hide your valuables ID=4: 4 Turn it into art With a little imagination books can be turned into unique and beautiful art pieces You can fold pages into origamistyle artwork use pages to create a 3D sculpture or paint directly onto the pages ID=5:5 Decorate your walls with book pages Cut out pages from a book and use them to create a statement wall in your home ID=6:6 Use it to create a makeshift laptop stand Prop up your laptop on a stack of books for a DIY stand that can help improve your posture ID=7:7 Use it as a makeshift stand for your phone You can use a book to prop up your phone for a makeshift stand that lets you watch videos or take video calls handsfree ID=8:8 Turn a book into a lamp Cut out the pages of a book to create a unique and stylish lampshade that looks great in any roomID=9: 9 Turn it into a journal By binding together unused pages from an old book you can create a unique journal that makes for a great gift idea ID=10: 10 Use it to create unique bookmarks Cut out pages from a book and transform them into oneofakind bookmarks that can be used to hold your place in your current read Give a specific ranking as a list of the IDs e.g. {1, 2, 3, 4, 5, 6, 7, 8, ,9, 10} and don't explain your ranking # [3, 1, 8, 6, 5, 7, 2, 4, 9, 10] # [4, 1, 8, 2, 5, 3, 6, 7, 9, 10] # 0.6484848484848483 # 0.5111111111111111 # {4, 1, 8, 2, 5, 3, 6, 7, 9, 10}
Score these num_responses responses in the AUT for the item: book. ID=1: 1 A secret compartment can be created by hollowing out the middle of a thick book ID=2: 2 Pages can be folded into origami shapes to create a unique decoration ID=3: 3 Old books with beautiful covers can be framed and displayed as art ID=4: 4 Browned pages can be used to create a vintagelooking scrapbook ID=5:5 Pages can be used to make papiermâché objects ID=6:6 A book can be turned into a unique case for a tablet or ereader ID=7:7 Pages from an old dictionary can be framed and used to create a word wall ID=8:8 An old book can be carved into a oneofakind book purseID=9: 9 Pages can be used to create a personalized paper bouquet ID=10: 10 Books can be stacked and turned into a makeshift side table or nightstand Give a specific ranking as a list of the IDs e.g. {1, 2, 3, 4, 5, 6, 7, 8, ,9, 10} and don't explain your ranking # [8, 1, 2, 3, 10, 4, 7, 6, 5, 9] # [6, 8, 3, 10, 9, 5, 2, 4, 7, 1] # -0.22424242424242422 # -0.19999999999999998 # {6, 8, 3, 10, 9, 5, 2, 4, 7, 1}
Score these num_responses responses in the AUT for the item: book. ID=1: 1 A book can be used as a makeshift laptop stand making it easier to work while lounging on a couch or bed ID=2: 2 Pages from old books can be used to create unique and interesting wallpaper ID=3: 3 A book can become a plant holder by carving out the center of the book and placing a plant inside ID=4: 4 Books can be used to create unique decoupage art or sculptures ID=5:5 A cookbook can be used as a decorative piece in a kitchen by displaying it open on a stand ID=6:6 A book can become a secret storage compartment by cutting out the center of the pages ID=7:7 Pages from a book can be used to create handmade lanterns by adding a light source inside ID=8:8 A book can be used as a makeshift camera tripod by propping it up and resting the camera on topID=9: 9 Books can be used to create unique and personalized greeting cards by cutting out images or text from the pages ID=10: 10 A book can be used as a makeshift doorstop by placing it under a door to keep it open Give a specific ranking as a list of the IDs e.g. {1, 2, 3, 4, 5, 6, 7, 8, ,9, 10} and don't explain your ranking # [6, 4, 9, 3, 8, 10, 1, 2, 7, 5] # [6, 3, 7, 4, 9, 1, 5, 2, 8, 10] # 0.2121212121212121 # 0.15555555555555553 # {6, 3, 7, 4, 9, 1, 5, 2, 8, 10}
Score these num_responses responses in the AUT for the item: book. ID=1: 1 Use it as a hiding spot  carve out pages to hide valuables inside ID=2: 2 Make it into a lampshade  glue the pages together and attach a lightbulb ID=3: 3 Create a book sculpture  fold the pages to create a unique art piece ID=4: 4 Make it into a planter  carve out the center to create a pot for plants ID=5:5 Turn it into a phone dock  carve out a space for your phone to rest and charge ID=6:6 Use it as a booster seat  stack them up to create a sturdy seat for a child ID=7:7 Create a book clock  attach clock hands to the cover and use the pages as the face ID=8:8 Make a book purse  hollow out the center and attach a strapID=9: 9 Use it for home decor  stack them up to create a unique bookshelf or table ID=10: 10 Turn it into a birdhouse  glue the pages together to create a cozy home for birds Give a specific ranking as a list of the IDs e.g. {1, 2, 3, 4, 5, 6, 7, 8, ,9, 10} and don't explain your ranking # [9, 4, 8, 6, 10, 5, 7, 3, 1, 2] # [3, 9, 5, 4, 7, 2, 8, 1, 6, 10] # -0.12727272727272726 # -0.06666666666666667 # {3, 9, 5, 4, 7, 2, 8, 1, 6, 10}
Score these num_responses responses in the AUT for the item: book. ID=1: 1 Book Planter Hollow out the inside of a book and use it as a unique plant container ID=2: 2 Book Bench Use a stack of books to create a bench ID=3: 3 Bookshelf Divider Use books to separate areas on a bookshelf ID=4: 4 Book Clock Turn a book into a clock by replacing the pages with a clock mechanism ID=5:5 Book Phone Case Cut a book cover to fit your phone and use it as a phone case ID=6:6 Book Purse Turn a book into a purse by hollowing out the inside and adding handles ID=7:7 Book Lamp Use an open book as a lampshade for a unique lighting fixture ID=8:8 Book Picture Frame Cut out a section of a book and use it as a frame for a photoID=9: 9 Book Coaster Cut out small sections of a book cover and use them as coasters ID=10: 10 Book Hair Accessory Use strips of pages from a book to create a unique hair accessory Give a specific ranking as a list of the IDs e.g. {1, 2, 3, 4, 5, 6, 7, 8, ,9, 10} and don't explain your ranking # [10, 5, 4, 1, 7, 9, 2, 8, 3, 6] # [1, 2, 3, 4, 5, 6, 7, 8, 9, 10] # -0.1515151515151515 # -0.1111111111111111 # {1, 2, 3, 4, 5, 6, 7, 8, 9, 10}
Score these num_responses responses in the AUT for the item: book. ID=1: 1 Use a book as a makeshift laptop stand to raise your screen to eye level ID=2: 2 Turn an old book into a secret storage compartment by cutting out the pages and inserting small objects ID=3: 3 Use a hefty hardcover book as a doorstopper in a unique and stylish way ID=4: 4 Use old books to create unique and personalized photo albums by gluing pictures onto the pages ID=5:5 Create intricate and beautiful paper art by folding the pages of a book into origami shapes ID=6:6 Use old book spines to create a vintageinspired wall display ID=7:7 Turn a book into a planter by cutting out a hole in the pages and inserting a plastic liner ID=8:8 Use books as weights for exercise routinesID=9: 9 Turn a book into a unique and personalized guestbook by having guests sign the pages as they arrive at an event ID=10: 10 Create a custom bookshelf by stacking books in unique and creative ways to form a functional piece of art Give a specific ranking as a list of the IDs e.g. {1, 2, 3, 4, 5, 6, 7, 8, ,9, 10} and don't explain your ranking # [10, 7, 2, 9, 6, 1, 4, 3, 8, 5] # [5, 10, 2, 4, 6, 1, 3, 7, 8, 9] # 0.4424242424242424 # 0.3333333333333333 # {5, 10, 2, 4, 6, 1, 3, 7, 8, 9}
Score these num_responses responses in the AUT for the item: book. ID=1: 1 Turn it into a hidden safe by cutting out a section in the middle of the pages ID=2: 2 Use it as a plant holder by placing a small potted plant on top of the open pages ID=3: 3 Use it as a makeshift laptop stand to elevate your computer and prevent overheating ID=4: 4 Use it as a stepping stool to reach high shelves ID=5:5 Cut out shapes from the pages to create unique wall art ID=6:6 Use it as a makeshift tray to hold drinks and snacks when lounging in bed ID=7:7 Use it as a pretend weight to do bicep curls while reading ID=8:8 Use it as a doorstop to hold doors openID=9: 9 Use it as a makeshift drawer divider to keep socks or underwear organized ID=10: 10 Cut out the individual pages and use them as wrapping paper for small gifts Give a specific ranking as a list of the IDs e.g. {1, 2, 3, 4, 5, 6, 7, 8, ,9, 10} and don't explain your ranking # [10, 8, 7, 6, 4, 9, 2, 3, 1, 5] # [1, 3, 6, 5, 10, 2, 9, 4, 8, 7] # -0.7939393939393938 # -0.6444444444444444 # {1, 3, 6, 5, 10, 2, 9, 4, 8, 7}
Score these num_responses responses in the AUT for the item: book. ID=1: 1 Turn the pages into mini art canvases and paint or draw on them to create an abstract artwork ID=2: 2 Use the cover of a hardback book as a wallmounted shelf to store small items like trinkets or clocks ID=3: 3 Make a birdhouse out of recycled books by folding the pages and cutting out a hole for the bird entrance ID=4: 4 Cut out the pages of a book into puzzle pieces and use them as a mindchallenging game ID=5:5 Create a secret hiding place by hollowing out the inside of a thick book ID=6:6 Bind multiple books together to make a sturdy and unique coffee table ID=7:7 Use the pages of a book to make origami sculptures or decorations ID=8:8 Fold the pages of a book into a festive paper garland for decorationID=9: 9 Repurpose a book as a planter by cutting a hole in the center and adding soil and plants ID=10: 10 Use the pages of a book to make a DIY lampshade for a vintageinspired fixture Give a specific ranking as a list of the IDs e.g. {1, 2, 3, 4, 5, 6, 7, 8, ,9, 10} and don't explain your ranking # [8, 9, 4, 10, 6, 2, 3, 1, 7, 5] # [5, 10, 3, 1, 2, 6, 7, 8, 9, 4] # -0.17575757575757575 # -0.15555555555555553 # {5, 10, 3, 1, 2, 6, 7, 8, 9, 4}