Score these num_responses responses in the AUT for the item: brick. ID=1: 1 Using bricks to create a rustic garden path or edging for flower beds ID=2: 2 Making an outdoor fire pit by stacking bricks in a circular shape ID=3: 3 Creating a unique bookshelf by stacking bricks with wooden shelving in between them ID=4: 4 Building a brick mailbox that stands out from traditional metal ones ID=5:5 Using bricks for art projects such as painting them and stacking them to make a sculpture ID=6:6 Making a heavyduty doorstop by wrapping a brick with decorative fabric or duct tape ID=7:7 Creating a DIY weight set by stacking bricks with PVC pipe in between with a handle attached ID=8:8 Using bricks to create a unique seating area in a backyard such as a bench or conversation pitID=9: 9 Constructing a raised garden bed using a circle of bricks making it easier to grow plants without needing to bend over ID=10: 10 Using bricks to create a unique headboard for a bed by stacking and attaching them to the wall Give a specific ranking as a list of the IDs e.g. {1, 2, 3, 4, 5, 6, 7, 8, ,9, 10} and don't explain your ranking # [5, 1, 8, 2, 6, 3, 7, 4, 9, 10] # [9, 10, 8, 7, 6, 5, 4, 3, 2, 1] # -0.6121212121212121 # -0.5111111111111111 # {9, 10, 8, 7, 6, 5, 4, 3, 2, 1}
Score these num_responses responses in the AUT for the item: brick. ID=1: 1 Use as a doorstop or paperweight ID=2: 2 Make a small bookshelf for your favorite books ID=3: 3 Use as a weight to anchor outdoor furniture during windy conditions ID=4: 4 Create a decorative garden pathway by laying bricks in a pattern ID=5:5 Use as a weight to press flowers or leaves ID=6:6 Glue a picture frame to the front of a brick to create a unique photo holder ID=7:7 Use as a platform for a potted plant ID=8:8 Make a creative DIY fire pit by stacking bricks in a circleID=9: 9 Use as a base for a homemade bird bath ID=10: 10 Create a unique outdoor bench by stacking and gluing bricks together Give a specific ranking as a list of the IDs e.g. {1, 2, 3, 4, 5, 6, 7, 8, ,9, 10} and don't explain your ranking # [6, 10, 1, 3, 7, 9, 8, 2, 4, 5] # [4, 8, 10, 3, 9, 2, 6, 5, 1, 7] # -0.01818181818181818 # -0.022222222222222223 # {4, 8, 10, 3, 9, 2, 6, 5, 1, 7}
Score these num_responses responses in the AUT for the item: brick. ID=1: 1 Use a brick as a doorstop for a heavy door ID=2: 2 Create a unique bookend by stacking several bricks together ID=3: 3 Use a brick as a weight to hold down a tarp or blanket during a picnic ID=4: 4 Build a small herb or vegetable garden by stacking bricks to create a raised bed ID=5:5 Create a makeshift outdoor fireplace by stacking bricks in a circle and lighting a fire in the center ID=6:6 Make a stepping stone path by embedding bricks in gravel or sand ID=7:7 Use bricks as weights in a workout routine ID=8:8 Create a unique piece of wall art by painting and arranging bricks in a patternID=9: 9 Use bricks as a base for a table or bench ID=10: 10 Build a homemade brick pizza oven in your backyard Give a specific ranking as a list of the IDs e.g. {1, 2, 3, 4, 5, 6, 7, 8, ,9, 10} and don't explain your ranking # [2, 7, 5, 9, 3, 4, 1, 6, 10, 8] # [5, 10, 4, 6, 1, 3, 2, 9, 8, 7] # 0.709090909090909 # 0.5111111111111111 # {5, 10, 4, 6, 1, 3, 2, 9, 8, 7}
Score these num_responses responses in the AUT for the item: brick. ID=1: 1 As a doorstop A brick can be used as a heavy and sturdy doorstop preventing doors from slamming shut or opening too widely ID=2: 2 A garden border Stacking bricks can create a neat garden border for defining the edges of flower beds or pathways ID=3: 3 A weight for exercising Bricks can be used to add extra weight and resistance during exercises such as squats or lunges ID=4: 4 A heat source for cooking Bricks can be stacked and used as a heat source for cooking food They are particularly useful for baking bread in outdoor ovens ID=5:5 A bookend A brick makes a unique and sturdy bookend preventing books from falling over or sliding off a shelf ID=6:6 A paperweight A brick can be used as a heavy paperweight to keep important documents or notes in place ID=7:7 A decorative planter By drilling a hole in the center of a brick it can be used as a planter for small plants or herbs ID=8:8 A DIY outdoor seat Stack a few bricks and top them with a cushion for a cheap and easy outdoor seating optionID=9: 9 A fidget toy A small brick can be used as a fidget toy with its satisfying weight and texture ID=10: 10 A building material for creative projects Bricks can be creatively used to build structures such as a fire pit a wall hanging or a birdhouse Give a specific ranking as a list of the IDs e.g. {1, 2, 3, 4, 5, 6, 7, 8, ,9, 10} and don't explain your ranking # [1, 2, 4, 9, 5, 8, 6, 7, 10, 3] # [4, 8, 7, 2, 1, 3, 5, 6, 9, 10] # -0.18787878787878787 # -0.15555555555555553 # {4, 8, 7, 2, 1, 3, 5, 6, 9, 10}
Score these num_responses responses in the AUT for the item: brick. ID=1: As an AI language model I don't have personal thoughts and feelings but here are some creative uses for a brick ID=2: 1 Garden markers Paint bricks with the names of plants and use them to label your garden beds ID=3: 2 Bookends Use a pair of bricks to hold up your books instead of buying bookends ID=4: 3 Doorstop Use a brick to hold a door open or closed when needed ID=5:4 Weights Use bricks as weights for working out ID=6:5 Game pieces Use painted bricks as game pieces for a custom game ID=7:6 Stepping stones Use bricks as stepping stones in your garden or backyard ID=8:7 Fire pit Use bricks to build a fire pit in your backyard for bonfires and s'moresID=9: 8 Decorative wall Use bricks to create a decorative wall with different textures and colors ID=10: 9 Smartphone stand Use bricks to create a DIY smartphone stand Give a specific ranking as a list of the IDs e.g. {1, 2, 3, 4, 5, 6, 7, 8, ,9, 10} and don't explain your ranking # [5, 6, 7, 4, 10, 9, 2, 8, 1, 3] # [1, 2, 3, 4, 5, 6, 7, 8, 9, 10] # -0.33333333333333326 # -0.19999999999999998 # {1, 2, 3, 4, 5, 6, 7, 8, 9, 10}
Score these num_responses responses in the AUT for the item: brick. ID=1: 10 Creative building Use bricks to build unique and creative sculptures or structures ID=2: 1 Bookend Use two bricks to keep your books in place on a shelf ID=3: 2 Garden marker Paint a brick and use it to label your garden plants ID=4: 3 Paperweight Use a brick to keep your papers or art supplies from blowing away ID=5:4 Doorstop Keep doors from closing with a strategically placed brick ID=6:5 Phone holder Stack two bricks and use the groves to hold your phone ID=7:6 Weights Use brick as a weight for strength training ID=8:7 Outdoor furniture Use several bricks to make a sturdy and unique outdoor benchID=9: 8 Fire pit Arrange bricks in a circular formation to create a cozy outdoor fire pit ID=10: 9 Cat scratcher Stack bricks to create a textured structure for your furry friend to scratch Give a specific ranking as a list of the IDs e.g. {1, 2, 3, 4, 5, 6, 7, 8, ,9, 10} and don't explain your ranking # [1, 2, 8, 9, 6, 5, 3, 4, 10, 7] # [10, 2, 3, 4, 5, 6, 7, 8, 1, 9] # -0.5151515151515151 # -0.4222222222222222 # {10, 2, 3, 4, 5, 6, 7, 8, 1, 9}
Score these num_responses responses in the AUT for the item: brick. ID=1: 10 Cool drinks Chill drinks quickly by wrapping them in a wet towel and placing them between two bricks ID=2: 1 Use bricks to create a unique bookshelf Stack bricks in a creative way to create different levels to hold books and other items ID=3: 2 Build a birdhouse Use a brick to create a sturdy base and build the structure on top ID=4: 3 Create a garden path Lay the bricks out in a beautiful pattern to create a path in your garden ID=5:4 Build a fire pit Use a few bricks to create a beautiful fire pit in your backyard ID=6:5 Use bricks as weights If you're working out at home use bricks as weights for strength training ID=7:6 Create a garden border Use bricks to create an attractive border around your garden ID=8:7 Build a raised garden bed Use bricks to create a durable and attractive raised garden bedID=9: 8 Make a doorstop Use a brick as a decorative and practical doorstop ID=10: 9 Create an outdoor oven Using a few bricks and a little creativity you can build an outdoor oven for cooking pizza and other delicious dishes Give a specific ranking as a list of the IDs e.g. {1, 2, 3, 4, 5, 6, 7, 8, ,9, 10} and don't explain your ranking # [2, 8, 9, 6, 7, 1, 3, 4, 5, 10] # [10, 1, 2, 4, 3, 5, 8, 6, 9, 7] # -0.5272727272727272 # -0.4222222222222222 # {10, 1, 2, 4, 3, 5, 8, 6, 9, 7}
Score these num_responses responses in the AUT for the item: brick. ID=1: 10 Build a bench Stack bricks in a creative way to create a sturdy rustic bench that will add charm to your outdoor space ID=2: 1 A doorstop ID=3: 2 A weight for a makeshift gym ID=4: 3 A bookend for a large bookshelf ID=5:4 A paperweight at a desk ID=6:5 A garden marker for herbs or vegetables ID=7:6 A kitchen trivet to set hot pots or pans on ID=8:7 A decorative object for a fireplace mantelID=9: 8 A makeshift hammer for DIY projects ID=10: 9 Use as a mold for homemade paver stones Give a specific ranking as a list of the IDs e.g. {1, 2, 3, 4, 5, 6, 7, 8, ,9, 10} and don't explain your ranking # [5, 3, 1, 8, 4, 2, 7, 10, 9, 6] # [10, 1, 2, 4, 3, 5, 6, 7, 8, 9] # 0.5393939393939393 # 0.3333333333333333 # {10, 1, 2, 4, 3, 5, 6, 7, 8, 9}
Score these num_responses responses in the AUT for the item: brick. ID=1: 10 Hold down outdoor furniture during windy conditions ID=2: 1 Use it as a doorstop for heavy doors ID=3: 2 Paint it and use it as a bookend ID=4: 3 Arrange it in a pattern to create a unique garden border ID=5:4 Use as a weight for outdoor tablecloths to keep them from blowing away ID=6:5 Build a mini brick wall to create a backdrop for a photography shoot ID=7:6 Break it apart and use the pieces to add texture to concrete walkways ID=8:7 Use it as a foundation for hanging plantersID=9: 8 Build a DIY fire pit in your backyard ID=10: 9 Use as a steppingstone pathway in your garden Give a specific ranking as a list of the IDs e.g. {1, 2, 3, 4, 5, 6, 7, 8, ,9, 10} and don't explain your ranking # [7, 5, 1, 8, 3, 10, 2, 9, 6, 4] # [10, 1, 2, 4, 3, 5, 6, 7, 8, 9] # 0.29696969696969694 # 0.19999999999999998 # {10, 1, 2, 4, 3, 5, 6, 7, 8, 9}
Score these num_responses responses in the AUT for the item: brick. ID=1: 10 Use as a base to create a heavyduty paperweight ID=2: 1 Use a brick as a bookend Place a brick on each side of a row of books on a bookshelf to keep them in place ID=3: 2 Make a fire pit Using a ring of bricks line the circle and stack them to create a fire pit perfect for outdoor gatherings ID=4: 3 Use as a door stop A brick means business when it comes to holding a door open or closed ID=5:4 Use as a makeshift weight If you don't feel like investing in actual weights use bricks to incorporate into your workout ID=6:5 Create a flower bed Stack bricks to create a container for plants or flowers that can be used to line gardens or patios ID=7:6 Use as a stepping stone Use one or more bricks as stepping stones to create a path or walkway ID=8:7 Hold up a car Believe it or not a brick can be used to hold a car up while changing a tireID=9: 8 Use for a community art project Paint bricks and use them to build a mural or structure on public property ID=10: 9 Make a garden bench Stack bricks to create a bench for outdoor seating Give a specific ranking as a list of the IDs e.g. {1, 2, 3, 4, 5, 6, 7, 8, ,9, 10} and don't explain your ranking # [8, 3, 6, 9, 2, 5, 7, 10, 4, 1] # [1, 6, 7, 5, 4, 3, 2, 9, 10, 8] # -0.17575757575757575 # -0.15555555555555553 # {1, 6, 7, 5, 4, 3, 2, 9, 10, 8}
Score these num_responses responses in the AUT for the item: brick. ID=1: 10 Create a bookshelf Stack several bricks in a creative way to make a rustic and unique bookshelf ID=2: 1 Use a brick as a doorstop ID=3: 2 Create a bookend by stacking two bricks one on top of the other ID=4: 3 Use a brick as a weight to hold down a tarp or tent while camping ID=5:4 Paint a brick and use it as a unique garden decoration ID=6:5 Stack bricks to create a makeshift barbecue grill or fire pit ID=7:6 Use a brick as a sturdy base for a birdhouse or feeder ID=8:7 Cut a brick in half and use the pieces as risers for a shelf or tableID=9: 8 Use a brick as a paperweight on your desk ID=10: 9 Create a unique paper towel holder by stacking bricks and wrapping wire around them Give a specific ranking as a list of the IDs e.g. {1, 2, 3, 4, 5, 6, 7, 8, ,9, 10} and don't explain your ranking # [3, 9, 10, 1, 6, 4, 8, 2, 5, 7] # [10, 2, 3, 4, 5, 6, 7, 8, 1, 9] # -0.32121212121212117 # -0.19999999999999998 # {10, 2, 3, 4, 5, 6, 7, 8, 1, 9}
Score these num_responses responses in the AUT for the item: brick. ID=1: 10 Create a wine rack by stacking bricks in a staggered pattern and placing wine bottles on the horizontal spaces between them ID=2: 1 Use the brick as a bookend in a rusticthemed bookshelf ID=3: 2 Turn the brick into a garden marker by painting or etching plant names onto it ID=4: 3 Use the brick as a doorstop by gluing felt pads or rubber stoppers onto the bottom ID=5:4 Create a unique paperweight by stacking several bricks together and gluing them ID=6:5 Use the brick as a makeshift weight for a DIY exercise routine ID=7:6 Set the brick in a bed of sand to create a small lowmaintenance Zen garden ID=8:7 Turn the brick into a unique door knocker by attaching a metal ring or handleID=9: 8 Use the brick as a base to prop up a small statue or art piece ID=10: 9 Turn the brick into a cool industrialstyle cellphone holder by drilling a hole for a charging cable Give a specific ranking as a list of the IDs e.g. {1, 2, 3, 4, 5, 6, 7, 8, ,9, 10} and don't explain your ranking # [8, 5, 10, 7, 3, 9, 1, 4, 6, 2] # [1, 10, 9, 8, 7, 6, 5, 4, 3, 2] # 0.23636363636363633 # 0.15555555555555553 # {1, 10, 9, 8, 7, 6, 5, 4, 3, 2}
Score these num_responses responses in the AUT for the item: brick. ID=1: 10 Use the brick as a mold for casting concrete or plaster decorations ID=2: 1 Garden bed border Use bricks to outline a garden bed creating a neat and organized appearance ID=3: 2 Bookends Stack a few bricks on top of each other and use them as bookends for your bookshelf ID=4: 3 Doorstop Use a single brick as a doorstop to prevent doors from slamming shut ID=5:4 Paperweight Use a brick to hold down a stack of paper on a windy day ID=6:5 Weightlifting aid Use bricks as weights to do bicep curls chest presses or any other workout routine ID=7:6 Paver stone Use bricks to make a walkway patio or driveway ID=8:7 Fire pit Build a fire pit using bricks for a stylish outdoor gathering spotID=9: 8 Flower vase Place a vase inside of a hollowed out brick for an interesting and unique centerpiece ID=10: 9 Car blocker Use bricks to block a car from parking in your driveway Give a specific ranking as a list of the IDs e.g. {1, 2, 3, 4, 5, 6, 7, 8, ,9, 10} and don't explain your ranking # [1, 9, 2, 4, 7, 10, 5, 6, 8, 3] # [1, 10, 8, 5, 7, 6, 4, 3, 2] # None # None # {1, 10, 8, 5, 7, 6, 4, 3, 2}
Score these num_responses responses in the AUT for the item: brick. ID=1: 10 Playground obstacle Use bricks as an obstacle course for kids to jump over or climb on ID=2: 1 A weight for exercise ID=3: 2 A door stopper ID=4: 3 A paperweight for a sturdy desk ID=5:4 A bookend ID=6:5 A foundation for building a house or shed ID=7:6 A pathway or border for a garden ID=8:7 A base for a fire pitID=9: 8 A toy for kids to build and play with ID=10: 9 A decorative element for a rustic or industrial style home Give a specific ranking as a list of the IDs e.g. {1, 2, 3, 4, 5, 6, 7, 8, ,9, 10} and don't explain your ranking # [6, 1, 10, 8, 2, 4, 3, 5, 9, 7] # [10, 1, 6, 8, 7, 9, 5, 4, 3, 2] # 0.10303030303030303 # 0.06666666666666667 # {10, 1, 6, 8, 7, 9, 5, 4, 3, 2}
Score these num_responses responses in the AUT for the item: brick. ID=1: 10 A makeshift tool for breaking up soil or crushing objects ID=2: 1 Bricks could be used to create a unique and stylish garden fence by stacking them in an interesting pattern to add a rustic and trendy look to the space ID=3: 2 A brick could be placed in an oven to preheat before baking a homemade pizza to get that crispy bottom that everyone loves ID=4: 3 Use bricks as bookends to display your favorite books or novels ID=5:4 Create a brick pathway in your garden to add a stylish yet functional touch to your outdoor space ID=6:5 Stack several bricks on top of one another to make a quirky bedside table or bookshelf ID=7:6 Use bricks to create a cozy fire pit in your backyard for roasting marshmallows and enjoying a cool evening with friends ID=8:7 Create a trendy plant stand for a large houseplant or hanging baskets by stacking bricks in a unique formationID=9: 8 Create a unique and edgy piece of wall art by painting a brick with bold colorful designs or patterns ID=10: 9 Use bricks as a doorstop creating a rustic and unconventional touch to your indoor space Give a specific ranking as a list of the IDs e.g. {1, 2, 3, 4, 5, 6, 7, 8, ,9, 10} and don't explain your ranking # [4, 8, 2, 7, 10, 1, 9, 5, 3, 6] # [1, 7, 10, 9, 6, 5, 4, 3, 2, 8] # 0.12727272727272726 # 0.06666666666666667 # {1, 7, 10, 9, 6, 5, 4, 3, 2, 8}
Score these num_responses responses in the AUT for the item: brick. ID=1: 10 Build a set of unique steps for your garden terrace or pool using bricks to add style to your space and make it more welcoming ID=2: 1 Use it as a weight to hold down a tarp or tent ID=3: 2 Paint it and use it as a bookend ID=4: 3 Create a DIY birdhouse by stacking and gluing bricks together ID=5:4 Use it as a doorstop ID=6:5 Use it as a handy stand for your laptop or tablet ID=7:6 Line the bottom of a flower pot with a brick to help with drainage ID=8:7 Use it as a makeshift hammerID=9: 8 Create a unique piece of garden art by painting or stacking bricks ID=10: 9 Use it as a workout weight for arm curls or squats Give a specific ranking as a list of the IDs e.g. {1, 2, 3, 4, 5, 6, 7, 8, ,9, 10} and don't explain your ranking # [9, 7, 8, 2, 5, 3, 4, 10, 1, 6] # [10, 1, 2, 4, 3, 5, 6, 7, 8, 9] # 0.05454545454545454 # 0.022222222222222223 # {10, 1, 2, 4, 3, 5, 6, 7, 8, 9}
Score these num_responses responses in the AUT for the item: brick. ID=1: 10 Create a cozy fire pit by stacking bricks together in a circle ID=2: 1 A doorstop or paperweight ID=3: 2 A bookend ID=4: 3 A decorative garden pathway or border ID=5:4 A makeshift dumbbell for weightlifting ID=6:5 A camping stove base ID=7:6 A unique bookshelf or storage unit when stacked and glued together ID=8:7 A creative photo display by using bricks as a stand to display photos or artworkID=9: 8 A DIY birdhouse or birdbath base with a flat surface and hole in the center for a water dish ID=10: 9 An outdoor seating area by stacking bricks and adding a cushion on top Give a specific ranking as a list of the IDs e.g. {1, 2, 3, 4, 5, 6, 7, 8, ,9, 10} and don't explain your ranking # [5, 4, 7, 9, 6, 2, 3, 8, 10, 1] # [1, 10, 8, 7, 6, 5, 4, 3, 2] # None # None # {1, 10, 8, 7, 6, 5, 4, 3, 2}
Score these num_responses responses in the AUT for the item: brick. ID=1: 10 An art project by painting or drawing on a brick and displaying it as a statement piece ID=2: 1 Use a brick as a doorstop to keep doors from slamming shut ID=3: 2 Create a brick pathway in your garden or yard ID=4: 3 Use a brick as a weight to hold down a tablecloth or picnic blanket ID=5:4 Use bricks to build a small fire pit in your backyard ID=6:5 Create a rustic bookend by gluing a few bricks together ID=7:6 Paint and decorate bricks to use as unique bookshelves or display shelves ID=8:7 Use bricks to create an outdoor seating area by stacking them and topping them with a cushionID=9: 8 Use bricks to create a simple yet effective workout weight ID=10: 9 Create a unique mailbox by covering a brick with mortar and adding a mailbox to the top Give a specific ranking as a list of the IDs e.g. {1, 2, 3, 4, 5, 6, 7, 8, ,9, 10} and don't explain your ranking # [9, 6, 4, 2, 7, 5, 10, 8, 1, 3] # [1, 10, 9, 8, 7, 6, 5, 4, 3, 2] # -0.13939393939393938 # -0.1111111111111111 # {1, 10, 9, 8, 7, 6, 5, 4, 3, 2}
Score these num_responses responses in the AUT for the item: brick. ID=1: 10 Stack bricks to create a striking decorative garden wall ID=2: 1 A bookend for a heavy load of books ID=3: 2 A weight to hold down a tarp or tent ID=4: 3 A sturdy doorstop ID=5:4 A garden marker or label holder ID=6:5 A decorative paving stone for a garden walkway ID=7:6 A base for a tabletop or outdoor sculpture ID=8:7 A minimalist paperweight for a deskID=9: 8 A pedestal for a potted plant or garden statue ID=10: 9 A makeshift dumbbell for arm workouts Give a specific ranking as a list of the IDs e.g. {1, 2, 3, 4, 5, 6, 7, 8, ,9, 10} and don't explain your ranking # [9, 7, 6, 5, 8, 4, 2, 3, 1, 10] # [1, 5, 6, 7, 8, 9, 10, 4, 3, 2] # -0.3939393939393939 # -0.28888888888888886 # {1, 5, 6, 7, 8, 9, 10, 4, 3, 2}
Score these num_responses responses in the AUT for the item: brick. ID=1: 10 A unique and sturdy picture frame holder ID=2: 1 Door stopper A brick can be used in place of a typical door stop to keep doors from slamming shut ID=3: 2 Garden border Use bricks to create a border around a garden bed or pathway ID=4: 3 Bookend Stack a few bricks and use them as a bookend for a sturdy industrial look ID=5:4 Yoga prop Use a brick as a yoga prop for added support during certain poses ID=6:5 Decorative display Stack bricks in a creative way and use them as a decorative display in your garden or backyard ID=7:6 Ice pack Wrap a brick in a towel and freeze it to use as a cold pack ID=8:7 Functional furniture Stack bricks to create a makeshift end table or outdoor seatingID=9: 8 DIY fire pit Stack bricks in a circle and use them to create a fire pit in your backyard ID=10: 9 Stepping stones Use bricks as stepping stones in your garden or backyard Give a specific ranking as a list of the IDs e.g. {1, 2, 3, 4, 5, 6, 7, 8, ,9, 10} and don't explain your ranking # [3, 6, 9, 10, 1, 5, 4, 2, 7, 8] # [1, 9, 6, 8, 10, 7, 4, 3, 2, 5] # 0.11515151515151514 # 0.15555555555555553 # {1, 9, 6, 8, 10, 7, 4, 3, 2, 5}
Score these num_responses responses in the AUT for the item: brick. ID=1: 10 Weightlifting Use bricks as makeshift weights for a budgetfriendly workout routine ID=2: 1 Use it as a paperweight on your desk ID=3: 2 Turn it into a bookend for your bookshelf ID=4: 3 Stack several bricks to make a makeshift outdoor bench ID=5:4 Use it as a doorstop ID=6:5 Paint and decorate it as a unique garden decoration ID=7:6 Use it as a prop for photography or filming ID=8:7 Wrap it in fabric to make a DIY doorstop or draft stopperID=9: 8 Use it as a weight for outdoor fabric to keep it from blowing away in the wind ID=10: 9 Turn a brick on its side to create a makeshift stepping stone Give a specific ranking as a list of the IDs e.g. {1, 2, 3, 4, 5, 6, 7, 8, ,9, 10} and don't explain your ranking # [7, 1, 10, 5, 3, 6, 4, 8, 9, 2] # [10, 1, 2, 4, 3, 5, 6, 7, 8, 9] # 0.2121212121212121 # 0.19999999999999998 # {10, 1, 2, 4, 3, 5, 6, 7, 8, 9}
Score these num_responses responses in the AUT for the item: brick. ID=1: 10 Use it as a weight for a makeshift outdoor movie screen ID=2: 1 A bookend  use a brick to prop up your books on a shelf ID=3: 2 A doorstop  prop open a heavy door ID=4: 3 A garden border  stack bricks to create a raised border for a garden bed ID=5:4 A decorative element  use a brick as part of a centerpiece on a table or mantel ID=6:5 A weight for workouts  use a brick as a makeshift weight when working out at home ID=7:6 A paperweight  keep papers from flying away by using a brick as a paperweight ID=8:7 A heat source  heat a brick up in the oven and use it to keep food warm or put it in a bed to keep warm on a cold nightID=9: 8 A drink cooler  stack bricks in a bucket and use it as a cooler for drinks at a party ID=10: 9 A shop tool  use a brick as a hammer or as part of a workshop tool set Give a specific ranking as a list of the IDs e.g. {1, 2, 3, 4, 5, 6, 7, 8, ,9, 10} and don't explain your ranking # [7, 4, 6, 8, 2, 3, 9, 1, 5, 10] # [1, 10, 9, 5, 4, 8, 3, 6, 2, 7] # -0.19999999999999998 # -0.1111111111111111 # {1, 10, 9, 5, 4, 8, 3, 6, 2, 7}
Score these num_responses responses in the AUT for the item: brick. ID=1: 10 A building material  bricks can be used to build walls fireplaces and other structures ID=2: 1 Candy and snack holder  Stacking bricks together and filling the space with candy or snacks will make a unique and quirky holder for your next party ID=3: 2 Doorstop  A heavy brick can keep your door guarded against the wind ID=4: 3 Garden edging  Place bricks along the edge of your garden beds to create a crisp and clean look ID=5:4 Bookend  Stack a few bricks together and use them as bookends to keep your bookshelf organized ID=6:5 DIY furniture  A large stack of bricks can serve as the base for a DIY outdoor bench or table ID=7:6 Weights  You can use a brick in place of a weight for an athome workout ID=8:7 Planter  Turn a brick on its side and create a small garden within the groovesID=9: 8 Bonfire pit  Create a small safe and contained bonfire area using bricks ID=10: 9 Gaming piece  Use bricks as game pieces when playing outdoor games like giant Jenga Give a specific ranking as a list of the IDs e.g. {1, 2, 3, 4, 5, 6, 7, 8, ,9, 10} and don't explain your ranking # [7, 2, 4, 9, 1, 3, 6, 8, 10, 5] # [1, 6, 9, 10, 8, 5, 4, 7, 3, 2] # -0.17575757575757575 # -0.15555555555555553 # {1, 6, 9, 10, 8, 5, 4, 7, 3, 2}
Score these num_responses responses in the AUT for the item: brick. ID=1: 10 Homemade oven  Build a homemade oven by simply stacking bricks up to create a chamber covering the inner walls in clay and adding a heating element ID=2: 1 Use a brick as a doorstop ID=3: 2 Create a unique bookend by stacking books against a standing brick ID=4: 3 Use bricks to line a garden bed or pathway ID=5:4 Make a makeshift fireplace in your backyard by stacking bricks in a circle ID=6:5 Use bricks as weights or makeshift exercise equipment ID=7:6 Use bricks as a paperweight on a desk or workspace ID=8:7 Build a brick bench or stool for outdoor seatingID=9: 8 Use bricks to decorate your home or garden by painting them with unique designs ID=10: 9 Create a border for your driveway or parking area by lining it with bricks Give a specific ranking as a list of the IDs e.g. {1, 2, 3, 4, 5, 6, 7, 8, ,9, 10} and don't explain your ranking # [7, 1, 9, 10, 6, 3, 5, 8, 2, 4] # [1, 10, 9, 5, 4, 8, 3, 2, 7, 6] # -0.4545454545454545 # -0.37777777777777777 # {1, 10, 9, 5, 4, 8, 3, 2, 7, 6}
Score these num_responses responses in the AUT for the item: brick. ID=1: 10 Use bricks as a base for a DIY outdoor table ID=2: 1 Use it as a doorstop for heavy doors ID=3: 2 Create a DIY garden border by stacking bricks along the perimeter of a flowerbed or vegetable garden ID=4: 3 Use it as a weight for outdoor tablecloths or other materials that can be blown away by the wind ID=5:4 Create a unique bookends by gluing a brick to a wooden base and painting both to match your room's decor ID=6:5 Use a few bricks as a rustic base for candles or other decorative items around the house ID=7:6 Build an outdoor grill or firepit by stacking bricks in a circular shape and filling the center with charcoal ID=8:7 Make a homemade dumbbell by drilling a hole through the center of a brick and threading a metal rod through itID=9: 8 Create a custom stepping stone pathway by arranging bricks in a decorative pattern and filling in the gaps with gravel or sand ID=10: 9 Build a raised platform for potted plants to add height and visual interest to your garden display Give a specific ranking as a list of the IDs e.g. {1, 2, 3, 4, 5, 6, 7, 8, ,9, 10} and don't explain your ranking # [5, 4, 7, 9, 10, 2, 1, 3, 6, 8] # [1, 10, 9, 8, 7, 6, 5, 4, 3, 2] # 0.12727272727272726 # 0.022222222222222223 # {1, 10, 9, 8, 7, 6, 5, 4, 3, 2}