Score these num_responses responses in the AUT for the item: tin can. ID=1: 1 Use it as a pencil holder or desk organizer ID=2: 2 Cut off both ends and create a small plant pot ID=3: 3 Turn it into a wind chime by hanging various sized cans from a string or wire ID=4: 4 Create a homemade drum by adding a stretched membrane over the open end ID=5:5 Use it as a cookie cutter for perfectly shaped baked goods ID=6:6 Cut off the top and use it as a bird feeder by filling it with birdseed ID=7:7 Use it to collect spare change for a charity donation ID=8:8 Create a unique light fixture by placing a light bulb inside and cutting designs into the sidesID=9: 9 Fill it with water and freeze to make a makeshift ice pack for an injury ID=10: 10 Use it as a stamp by dipping the bottom in paint and pressing it onto paper Give a specific ranking as a list of the IDs e.g. {1, 2, 3, 4, 5, 6, 7, 8, ,9, 10} and don't explain your ranking # [9, 1, 5, 6, 4, 3, 7, 2, 10, 8] # [5, 6, 4, 3, 8, 2, 1, 9, 7, 10] # -0.006060606060606061 # -0.022222222222222223 # {5, 6, 4, 3, 8, 2, 1, 9, 7, 10}
Score these num_responses responses in the AUT for the item: tin can. ID=1: 1 Turn a can into a DIY birdhouse  drill a hole in the side insert a stick perch and attach it to a tree or fence ID=2: 2 Stack cans together to create a DIY goal post for backyard football ID=3: 3 Fill cans with soil and use them to grow small plants like herbs on a windowsill ID=4: 4 Use a can as a container for pens and pencils on a desk ID=5:5 Use can tops to create simple homemade wind chimes ID=6:6 Attach a string to a can and use it to play a game of tin can telephone with a friend ID=7:7 Use a can to make homemade candle holders  place a candle inside and decorate with patterned tape or paint ID=8:8 Cut off the bottom of a can and use it to hold paint for small touchup jobsID=9: 9 Create a DIY pencil holder by painting and decorating a can and attaching it to a piece of wood for stability ID=10: 10 Turn a can into a drum  attach a balloon or drum head to the end and use drumsticks to play Give a specific ranking as a list of the IDs e.g. {1, 2, 3, 4, 5, 6, 7, 8, ,9, 10} and don't explain your ranking # [10, 1, 2, 3, 7, 5, 4, 9, 6, 8] # [10, 1, 3, 7, 9, 2, 5, 4, 8, 6] # 0.6121212121212121 # 0.4666666666666666 # {10, 1, 3, 7, 9, 2, 5, 4, 8, 6}
Score these num_responses responses in the AUT for the item: tin can. ID=1: 1 A DIY pencil holder  spraypaint the can and decorate with stickers glitter or paint to make it fun and colorful ID=2: 2 A mini herb garden  drill holes into the bottom for drainage fill with soil and plant herbs in it ID=3: 3 A birdhouse  paint and decorate the exterior add a little roof on top and hang from a tree in your garden ID=4: 4 A desk organizer  use different sized cans and glue them together to make a unique desk organizer for paperclips pens and other small items ID=5:5 A wind chime  punch holes into the sides of the can and hang strings of beads or bells from them ID=6:6 A cake mold  use a tin can to create a mini cake or bread loaf ID=7:7 A lantern  poke holes into the sides of the can and place a tealight candle inside allowing the light to shine through the holes ID=8:8 A toy drum  wrap the can in fun colored duct tape add a balloon on top and use drumsticks to play musicID=9: 9 A container for homemade candles  pour melted wax into the can and add a wick to make your own candles ID=10: 10 A game of tincan toss  paint several cans stack them and throw balls or beanbags attempting to knock them over Give a specific ranking as a list of the IDs e.g. {1, 2, 3, 4, 5, 6, 7, 8, ,9, 10} and don't explain your ranking # [6, 7, 8, 9, 4, 2, 5, 3, 1, 10] # [4, 7, 2, 9, 1, 3, 5, 6, 8, 10] # 0.34545454545454546 # 0.24444444444444444 # {4, 7, 2, 9, 1, 3, 5, 6, 8, 10}
Score these num_responses responses in the AUT for the item: tin can. ID=1: 1 Turn it into a reusable water bottle by creating a hole in the lid and attaching a straw ID=2: 2 Use it as a makeshift rolling pin for baking ID=3: 3 Cut off the top and fill with soil to make a small planter for herbs or succulents ID=4: 4 Decorate and use as a pencil holder or desk organizer ID=5:5 Turn it into a DIY bird house by decorating and attaching a string for hanging ID=6:6 Create a DIY lantern by punching holes in the tin can and inserting a candle or light ID=7:7 Cut off the bottom and use as a stencil for painting or drawing ID=8:8 Use it as a unique and rustic vase for wildflowersID=9: 9 Fill with ice and use as a makeshift cooler for drinks at a picnic or barbecue ID=10: 10 Decorate and use as a coin bank or savings jar Give a specific ranking as a list of the IDs e.g. {1, 2, 3, 4, 5, 6, 7, 8, ,9, 10} and don't explain your ranking # [3, 2, 1, 8, 5, 10, 6, 9, 4, 7] # [5, 6, 3, 8, 9, 2, 1, 4, 7, 10] # -0.04242424242424241 # 0.022222222222222223 # {5, 6, 3, 8, 9, 2, 1, 4, 7, 10}
Score these num_responses responses in the AUT for the item: tin can. ID=1: 1 Convert it into a plant pot by painting and punching holes in it ID=2: 2 Using a tin can as a makeshift amplifier for a smartphone speaker ID=3: 3 Transform it into a birdhouse ID=4: 4 Use it as a pencil or pen holder on your desk ID=5:5 Making a mini oven by cutting it similarly to a camping stove ID=6:6 Set it up as a vase for flowers or homemade candle holder ID=7:7 Make a homemade musical instrument Tape a few pulled guitar strings on it and you have a sound ID=8:8 Turn it into a bird feeder or watering canID=9: 9 Create a coin bank by painting it and adding a slit ID=10: 10 Turn it into a container for your homemade jam or candy Give a specific ranking as a list of the IDs e.g. {1, 2, 3, 4, 5, 6, 7, 8, ,9, 10} and don't explain your ranking # [4, 1, 10, 6, 9, 2, 3, 8, 5, 7] # [5, 3, 7, 8, 6, 2, 4, 1, 9, 10] # 0.38181818181818183 # 0.3333333333333333 # {5, 3, 7, 8, 6, 2, 4, 1, 9, 10}
Score these num_responses responses in the AUT for the item: tin can. ID=1: 1 Create a tin can telephone for playing with friends ID=2: 2 Make a DIY tin can lantern for a cozy backyard evening ID=3: 3 Turn a tin can into a miniherb garden by planting your favorite herbs inside ID=4: 4 Cut and bend a tin can into unique jewelry pieces like earrings or bracelets ID=5:5 Use tin cans as weights for homemade workout equipment ID=6:6 Craft a tin can birdfeeder and watch the local birds enjoy their new snack ID=7:7 Use a tin can as a pencil holder for your desk ID=8:8 Create a DIY tin can wind chime for an easy and affordable outdoor decorationID=9: 9 Turn your tin cans into organizers for your garage or tool shed ID=10: 10 Cut and glue tin can strips together to create a DIY tin can geometric vase Give a specific ranking as a list of the IDs e.g. {1, 2, 3, 4, 5, 6, 7, 8, ,9, 10} and don't explain your ranking # [7, 8, 1, 2, 6, 3, 5, 10, 4, 9] # [1, 3, 6, 8, 10, 2, 4, 5, 7, 9] # -0.05454545454545454 # -0.022222222222222223 # {1, 3, 6, 8, 10, 2, 4, 5, 7, 9}
Score these num_responses responses in the AUT for the item: tin can. ID=1: 1 Turn it into a wind chime by punching holes in the sides and hanging it with string or wire ID=2: 2 Paint it and use it as a brightly colored desktop pen holder ID=3: 3 Cut off the top wrap it in twine and use it as a planter for succulents or herbs ID=4: 4 Turn it into a mini camping stove by poking holes in the sides and bottom and using it to hold a small fire ID=5:5 Use it as a candle holder to create a rustic centerpiece for a dinner party or event ID=6:6 Punch holes in it and use it as a DIY lantern fitting a tea candle inside and letting the light shine through the holes ID=7:7 Turn it into a mini speaker for your phone by adding a speaker grille and attaching a speaker driver ID=8:8 Create your own homemade drum set by using tin cans of different sizes as drumsID=9: 9 Use it as a miniature birdhouse attaching a wooden perch to the front and hanging it from a tree or porch ID=10: 10 Cut off the top and bottom flatten it out cut shapes out of it and use it as a unique and eyecatching gift wrap Give a specific ranking as a list of the IDs e.g. {1, 2, 3, 4, 5, 6, 7, 8, ,9, 10} and don't explain your ranking # [3, 8, 5, 4, 6, 1, 9, 10, 7, 2] # [3, 6, 5, 1, 2, 8, 9, 4, 7, 10] # -0.07878787878787878 # -0.022222222222222223 # {3, 6, 5, 1, 2, 8, 9, 4, 7, 10}
Score these num_responses responses in the AUT for the item: tin can. ID=1: 1 Decorative candle holder for indoor or outdoor use ID=2: 2 Bird feeder or birdhouse ID=3: 3 Planter for small plants or herbs ID=4: 4 Utensil holder or desk organizer ID=5:5 Miniature vase for small flowers or as a pencil holder ID=6:6 DIY lantern with a tea light or LED light ID=7:7 Musical instrument such as a tin can drum or shaker ID=8:8 Upcycled tin can wind chimeID=9: 9 Creative storage solution for small items such as screws nails or buttons ID=10: 10 Children's DIY project with paint or markers to create a unique pencil holder or character face Give a specific ranking as a list of the IDs e.g. {1, 2, 3, 4, 5, 6, 7, 8, ,9, 10} and don't explain your ranking # [3, 5, 10, 4, 8, 2, 1, 7, 6, 9] # [3, 5, 2, 1, 4, 6, 7, 8, 9, 10] # 0.07878787878787878 # 0.022222222222222223 # {3, 5, 2, 1, 4, 6, 7, 8, 9, 10}
Score these num_responses responses in the AUT for the item: tin can. ID=1: 1 Turn a tin can into a mini herb garden by filling it with soil seeds and water ID=2: 2 Create a DIY lantern by puncturing holes into the can in a decorative pattern placing a candle inside and hanging it up ID=3: 3 Use tin cans as rustic vases by painting them a fun color and filling them with floral arrangements ID=4: 4 Cut off the top of a tin can and turn it into a pencil holder for your desk ID=5:5 Make unique tin can planters by gluing colorful fabric or washi tape onto the outside of the can ID=6:6 Upcycle tin cans as mini drums by covering them with leather or fabric and attaching drumsticks ID=7:7 Create a tin can telephone by punching holes in the bottom of each can running a piece of string or wire through and speaking into the can ID=8:8 Fill tin cans with sand or beans and use them as weights for your workout routineID=9: 9 Cut off the top and bottom of a tin can making it into a tube then place a candle and hang a wind chime ID=10: 10 Cut a tin can and turn it into a bird feeder by filling it with birdseed and hanging it up Give a specific ranking as a list of the IDs e.g. {1, 2, 3, 4, 5, 6, 7, 8, ,9, 10} and don't explain your ranking # [3, 7, 1, 5, 10, 2, 8, 9, 6, 4] # [1, 2, 3, 4, 5, 6, 7, 8, 9, 10] # 0.2606060606060606 # 0.15555555555555553 # {1, 2, 3, 4, 5, 6, 7, 8, 9, 10}
Score these num_responses responses in the AUT for the item: tin can. ID=1: 1 Tin can planters  punch holes in the bottom of the can and fill with soil and a small plant for a mini planter ID=2: 2 Tin can lantern  punch small holes in the can in a decorative pattern and place a tea light inside for a unique outdoor lantern ID=3: 3 Tin can birdhouse  drill a small hole in the can and attach it to a branch or fence for a rustic birdhouse ID=4: 4 Tin can wind chime  use different sized cans and tie them together with string or wire for a musical wind chime ID=5:5 Tin can pen holder  decorate a can with paint or washi tape and use as a desk organizer for pens and pencils ID=6:6 Tin can game  paint and decorate cans to use for a fun backyard game like bean bag toss or ring toss ID=7:7 Tin can phone  make a classic toy by connecting two cans with a string to talk to each other ID=8:8 Tin can vase  paint or cover a can with fabric and use as a simple vase for flowersID=9: 9 Tin can drum  fill a can with beans or rice and cover with parchment paper or fabric to make a simple drum ID=10: 10 Tin can ice cream maker  fill a large can with ice and rock salt and a smaller canister with ice cream ingredients Place the small can inside the larger one and roll back and forth to make homemade ice cream Give a specific ranking as a list of the IDs e.g. {1, 2, 3, 4, 5, 6, 7, 8, ,9, 10} and don't explain your ranking # [6, 7, 9, 4, 8, 1, 3, 5, 10, 2] # [10, 4, 2, 3, 9, 1, 5, 8, 6, 7] # 0.2121212121212121 # 0.15555555555555553 # {10, 4, 2, 3, 9, 1, 5, 8, 6, 7}
Score these num_responses responses in the AUT for the item: tin can. ID=1: 1 Turn it into a lantern by punching holes into the sides and adding a candle or LED light inside ID=2: 2 Cut off the top and bottom to create a flowerpot ID=3: 3 Use it as a desk organizer for pens and pencils ID=4: 4 Cut it in half and use as a bookend ID=5:5 Create a birdhouse by cutting a hole in the side adding a perch and hanging it from a tree ID=6:6 Use as a portable speaker by inserting a small speaker and connecting it to your phone or computer ID=7:7 Turn it into a drum by covering it with fabric or wrapping paper and attaching drumsticks ID=8:8 Cut off the top and fill with soil to create a minigarden for herbs or succulentsID=9: 9 Create a wind chime by hanging several tin cans of different sizes and lengths from a string or wire ID=10: 10 Use as a pencil case for art supplies Give a specific ranking as a list of the IDs e.g. {1, 2, 3, 4, 5, 6, 7, 8, ,9, 10} and don't explain your ranking # [2, 3, 1, 9, 7, 5, 8, 6, 10, 4] # [5, 6, 8, 9, 1, 2, 3, 4, 7, 10] # -0.12727272727272726 # -0.1111111111111111 # {5, 6, 8, 9, 1, 2, 3, 4, 7, 10}
Score these num_responses responses in the AUT for the item: tin can. ID=1: 1 A pencil holder or desk organizer ID=2: 2 A planter for small herbs or succulents ID=3: 3 A makeshift candle holder or lantern ID=4: 4 Cut in half to make a bird feeder ID=5:5 Fill with rocks and use as a doorstop ID=6:6 Punch holes in the sides and use as a makeshift speaker for your phone or music player ID=7:7 A storage container for small tools or screws/nails ID=8:8 Use as a cookie cutter for uniform shaped cookiesID=9: 9 Cut off the top and bottom to make a tin can picture frame ID=10: 10 A makeshift drum or percussion instrument Give a specific ranking as a list of the IDs e.g. {1, 2, 3, 4, 5, 6, 7, 8, ,9, 10} and don't explain your ranking # [2, 7, 9, 6, 5, 4, 8, 1, 3, 10] # [4, 10, 6, 2, 3, 1, 7, 8, 9, 5] # 0.01818181818181818 # -0.022222222222222223 # {4, 10, 6, 2, 3, 1, 7, 8, 9, 5}
Score these num_responses responses in the AUT for the item: tin can. ID=1: 1 Turn it into a birdhouse by punching holes into the side for ventilation and adding a perch ID=2: 2 Use it as a planter by painting it and filling it with soil and a small plant ID=3: 3 Create a Christmas tree ornament by decorating the outside and adding a ribbon for hanging ID=4: 4 Turn it into a wind chime by punching holes and attaching small bells or other trinkets to the bottom ID=5:5 Use it as a pencil holder by covering it with decorative paper or fabric ID=6:6 Turn it into a lantern by punching holes in a pattern around the sides and adding a small candle or LED light inside ID=7:7 Create a piggy bank by painting it and cutting a slot in the top for coins ID=8:8 Use it as a cookie cutter by cutting off the bottom and using the open end to cut shapes from doughID=9: 9 Turn it into a mini grill by cutting off the top and placing a small grate inside for grilling small items like hot dogs or vegetables ID=10: 10 Create a game of tin can bowling by stacking several cans and using a small ball to knock them down Give a specific ranking as a list of the IDs e.g. {1, 2, 3, 4, 5, 6, 7, 8, ,9, 10} and don't explain your ranking # [3, 6, 4, 8, 5, 1, 7, 10, 9, 2] # [6, 4, 2, 10, 7, 3, 1, 8, 9, 5] # 0.5272727272727272 # 0.3333333333333333 # {6, 4, 2, 10, 7, 3, 1, 8, 9, 5}
Score these num_responses responses in the AUT for the item: tin can. ID=1: 1 Turn it into a lantern by puncturing holes in the side and placing a candle or LED light inside ID=2: 2 Use it as a birdhouse by cutting a hole in the side and attaching a perch ID=3: 3 Create a tin can planter by filling it with soil and planting herbs or small flowers ID=4: 4 Turn it into a pen holder by decorating it with paint or markers and placing pens and pencils inside ID=5:5 Use it as a makeshift drum by stretching a balloon over the opening and tapping it with drumsticks ID=6:6 Create a tin can telephone by attaching a string to the bottom and talking into the can at the top while someone else holds the other can to their ear ID=7:7 Use it as a cookie cutter by cutting off the top and bottom cutting a design into the side and pressing it into cookie dough ID=8:8 Craft a wind chime by stringing together multiple cans of different sizes and shapesID=9: 9 Create a tin can sculpture by bending and shaping the metal into unique shapes and designs ID=10: 10 Use it as a weight for outdoor games like horseshoes or cornhole Give a specific ranking as a list of the IDs e.g. {1, 2, 3, 4, 5, 6, 7, 8, ,9, 10} and don't explain your ranking # [8, 3, 5, 10, 2, 7, 4, 6, 1, 9] # [3, 8, 6, 2, 1, 4, 5, 9, 7, 10] # -0.04242424242424241 # -0.06666666666666667 # {3, 8, 6, 2, 1, 4, 5, 9, 7, 10}
Score these num_responses responses in the AUT for the item: tin can. ID=1: 1 Turn a tin can into a unique indoor or outdoor planter for small plants ID=2: 2 Create a DIY lantern by punching holes in the side of a tin can and placing a candle inside ID=3: 3 Cut off the top of a tin can add some soil and use it as a mini herb garden ID=4: 4 Use a tin can as a pencil holder on your desk or in your workshop ID=5:5 Recycle tin cans into fashionable DIY bracelets by decorating them with paint or fabric ID=6:6 Create a birdhouse or birdfeeder by using a tin can as the base and decorating it with sticks or twigs ID=7:7 Cut tin cans into various shapes and letters to make unique DIY ornaments or wall art ID=8:8 Use a tin can as a mold to make homemade soap or candlesID=9: 9 Create a DIY wind chime by hanging tin cans of various sizes from a string or wire ID=10: 10 Make a DIY tin can telephone or amplifier for your smartphone with some basic tools and a little creativity Give a specific ranking as a list of the IDs e.g. {1, 2, 3, 4, 5, 6, 7, 8, ,9, 10} and don't explain your ranking # [6, 4, 5, 7, 1, 8, 3, 10, 9, 2] # [6, 8, 3, 9, 2, 1, 4, 5, 7, 10] # -0.01818181818181818 # -0.022222222222222223 # {6, 8, 3, 9, 2, 1, 4, 5, 7, 10}
Score these num_responses responses in the AUT for the item: tin can. ID=1: 1 Make a DIY tin can lantern by punching holes in the can and placing a tea light candle inside ID=2: 2 Cut the top off a tin can and use it as a planter for small plants or herbs ID=3: 3 Create tin can ice lanterns by filling the can with water freezing it and then removing the can ID=4: 4 Hang tin cans from a tree or fence to create a wind chime ID=5:5 Use a tin can as a holder for pencils pens or other office supplies ID=6:6 Create a tin can telephone by attaching string to the bottom of two cans and speaking into the open end ID=7:7 Cut out a section of the tin can and use it as a cookie cutter ID=8:8 Create a tin can bird feeder by punching holes in the can and adding birdseedID=9: 9 Use a tin can as a DIY drum by covering it with a piece of fabric and hitting it with a drumstick ID=10: 10 Create a DIY tin can sculpture by stacking and connecting multiple cans with wire or glue Give a specific ranking as a list of the IDs e.g. {1, 2, 3, 4, 5, 6, 7, 8, ,9, 10} and don't explain your ranking # [10, 2, 4, 8, 5, 7, 9, 3, 6, 1] # [4, 8, 2, 1, 3, 5, 6, 9, 10, 7] # -0.3939393939393939 # -0.19999999999999998 # {4, 8, 2, 1, 3, 5, 6, 9, 10, 7}
Score these num_responses responses in the AUT for the item: tin can. ID=1: 1 Create a rustic planter for herbs or succulents by drilling drainage holes in the bottom and painting the can in a fun color or pattern ID=2: 2 Decorate with washi tape and use as a pencil holder on your desk ID=3: 3 Cut off the top and bottom and attach some twine or ribbon for a DIY wind chime ID=4: 4 Use it as a mold for making homemade candles or soap ID=5:5 Clean and use as a travelfriendly water or food dish for pets ID=6:6 Create a DIY birdhouse by cutting out a hole and painting it to match your outdoor decor ID=7:7 Build a mini game of skeeball by creating a ramp and using the can as the target hole ID=8:8 Make a DIY emergency stove for camping or outdoor adventures by stuffing the can with paper pouring in some rubbing alcohol or hand sanitizer and lighting it up with a match or lighterID=9: 9 Use as a vase by wrapping with twine or burlap and adding fresh or faux flowers ID=10: 10 Fill with rocks or sand and use as a bookend for your bookshelf Give a specific ranking as a list of the IDs e.g. {1, 2, 3, 4, 5, 6, 7, 8, ,9, 10} and don't explain your ranking # [10, 3, 5, 7, 4, 8, 6, 1, 9, 2] # [6, 1, 4, 9, 3, 2, 5, 8, 7, 10] # -0.09090909090909088 # 0.022222222222222223 # {6, 1, 4, 9, 3, 2, 5, 8, 7, 10}
Score these num_responses responses in the AUT for the item: tin can. ID=1: 1 DIY lantern Punch holes in the sides of the tin can and place a tea light or candle inside The punches will create a beautiful pattern ideal for decoration ID=2: 2 Kitchen herb planter Poke holes in the bottom of the can add soil and use it as a container to grow a small herb garden on your windowsill ID=3: 3 Desk organizer Paint or wrap the can in decorative paper and use it to hold pens pencils scissors or other small office supplies ID=4: 4 Portable speaker Cut a hole in the top of the can and place a small Bluetooth speaker inside The sound will amplify making a great portable speaker you can take anywhere ID=5:5 Birdhouse Cut a hole in the side of the can paint and decorate the can like a birdhouse and hang it outside for feathered friends to use ID=6:6 Flower vase Use a can as a vase by covering it with decorative paper adding water and placing fresh flowers inside ID=7:7 Garden decorations Spray paint the cans in bright colors fill them with soil and use them as garden decorations ID=8:8 Dumbbells Make DIY weights by filling the cans with sand rocks or other heavy materials and painting themID=9: 9 Tin can telephones Poke a hole in the bottom of one can and the top of another can then attach a string between them Speak into the can to hear the other persons voice ID=10: 10 Toy robots Use a can as the robot's body glue on common craft materials like googly eyes and pipe cleaners and create a tin can robot Give a specific ranking as a list of the IDs e.g. {1, 2, 3, 4, 5, 6, 7, 8, ,9, 10} and don't explain your ranking # [10, 5, 7, 6, 4, 1, 8, 9, 3, 2] # [5, 4, 2, 6, 1, 3, 7, 9, 8, 10] # 0.06666666666666665 # 0.06666666666666667 # {5, 4, 2, 6, 1, 3, 7, 9, 8, 10}
Score these num_responses responses in the AUT for the item: tin can. ID=1: 1 Make a DIY flower vase by painting and decorating the outside of the can ID=2: 2 Cut the top off and use it as a pencil holder on a desk ID=3: 3 Create a unique lamp by drilling holes into the sides of the can and inserting a lightbulb inside ID=4: 4 Use as a small planter for succulents or herbs ID=5:5 Cut the can into strips and weave together to make a small basket ID=6:6 Turn the can into a bird feeder by creating openings in the sides and filling with birdseed ID=7:7 Use the can as a cookie cutter in the shape of a heart star or other fun shape ID=8:8 Make a makeshift drum by covering the top of the can with duct tape and using wooden spoons as drumsticksID=9: 9 Use the bottom of the can as a candle holder for tea lights ID=10: 10 Cut the can into small squares and use as shingles on a mini house or dollhouse Give a specific ranking as a list of the IDs e.g. {1, 2, 3, 4, 5, 6, 7, 8, ,9, 10} and don't explain your ranking # [4, 3, 8, 10, 9, 6, 7, 5, 1, 2] # [3, 6, 8, 10, 4, 1, 2, 9, 5, 7] # 0.13939393939393938 # 0.1111111111111111 # {3, 6, 8, 10, 4, 1, 2, 9, 5, 7}
Score these num_responses responses in the AUT for the item: tin can. ID=1: 1 Pencil holder  cut the top off the tin can and decorate it for a fun and functional desk accessory ID=2: 2 Plant pot  use the tin can as a rustic planter for small herbs or flowers ID=3: 3 Candle holder  create a cozy atmosphere by placing a candle inside a tin can with decorative cutouts ID=4: 4 Bird feeder  punch holes in the side of the can and hang in a tree to make a feeder for birds ID=5:5 Mini kitchen organizer  remove the label and use the tin can to hold utensils spatulas or small kitchen accessories ID=6:6 Portable speakers  turn a tin can into a speaker by attaching a speaker cone and wire to the bottom ID=7:7 Party favors  fill labeled tin cans with treats or small gifts for guests to take home after a party ID=8:8 DIY lantern  create a lantern using a tin can wire and a tea light candle for a fun and unique lighting solutionID=9: 9 Desk lamp  choose a larger size can and place a light kit inside for a unique and rustic desk lamp ID=10: 10 Paintbrush holder  remove the label and use the tin can to hold paintbrushes or other art supplies Give a specific ranking as a list of the IDs e.g. {1, 2, 3, 4, 5, 6, 7, 8, ,9, 10} and don't explain your ranking # [10, 6, 8, 4, 7, 1, 3, 9, 5, 2] # [6, 8, 3, 2, 4, 1, 5, 9, 7, 10] # 0.2121212121212121 # 0.15555555555555553 # {6, 8, 3, 2, 4, 1, 5, 9, 7, 10}
Score these num_responses responses in the AUT for the item: tin can. ID=1: 1 A DIY lantern Punch small holes in a tin can and place a tea light inside for a beautiful candlelit glow ID=2: 2 A bird feeder Cut out windows in a tin can paint it and fill it with birdseed to attract feathered friends to your garden ID=3: 3 A pencil holder Stack and glue tin cans of various sizes together to make a fun and functional pencil holder for your desk ID=4: 4 A minigarden Fill a tin can with soil and plants to create a charming garden display ID=5:5 A makeshift speaker Cut a slot in the side of a tin can and insert a smartphone for an instant DIY speaker ID=6:6 A wind chime Poke holes in the bottom of a tin can and hang it up with strings to create a unique and rustic wind chime ID=7:7 A toy drum Cover a tin can with paper and decorate it to make a fun and functional toy drum ID=8:8 A spice rack Attach tin cans to a wood board and label them to create a stylish and functional spice rack for your kitchenID=9: 9 A piggy bank Cover a tin can with fabric or paper and attach a slot on the top to create a personalized piggy bank ID=10: 10 A vase Cut the top off a tin can with a can opener and use it as a vase for fresh flowers Give a specific ranking as a list of the IDs e.g. {1, 2, 3, 4, 5, 6, 7, 8, ,9, 10} and don't explain your ranking # [8, 3, 10, 6, 1, 4, 5, 7, 2, 9] # [4, 8, 2, 1, 5, 6, 3, 9, 7, 10] # -0.11515151515151514 # -0.06666666666666667 # {4, 8, 2, 1, 5, 6, 3, 9, 7, 10}
Score these num_responses responses in the AUT for the item: tin can. ID=1: 1 A DIY lantern Punch small holes into the sides of the can and place a candle inside for a charming light source ID=2: 2 A pencil holder Remove the lid and decorate the exterior with paint ribbon or stickers ID=3: 3 A mini herb garden Fill the can with soil and plant small herbs such as basil or parsley ID=4: 4 An emergency whistle Cut an opening at the top and blow into the can for a loud noise ID=5:5 A bird feeder Punch holes into the sides and insert wooden sticks for perches Fill the can with birdseed and hang from a tree branch ID=6:6 A homemade drum Cover one end with a piece of thick paper or fabric and use drumsticks or wooden spoons to create beats ID=7:7 A rustic vase Remove the label and fill with fresh flowers or dried foliage Tie twine around the top for a charming touch ID=8:8 A DIY wind chime Paint the exterior and attach bells or other noisemaking objects to the bottomID=9: 9 A travel sewing kit Fill with thread needles and small scissors for a compact and portable sewing kit ID=10: 10 A storage container for small items such as paperclips keys or coins Give a specific ranking as a list of the IDs e.g. {1, 2, 3, 4, 5, 6, 7, 8, ,9, 10} and don't explain your ranking # [10, 8, 6, 5, 2, 3, 1, 4, 7, 9] # [5, 1, 3, 7, 2, 8, 6, 9, 4, 10] # -0.04242424242424241 # -0.022222222222222223 # {5, 1, 3, 7, 2, 8, 6, 9, 4, 10}
Score these num_responses responses in the AUT for the item: tin can. ID=1: 1 Make a tin can phone to communicate with friends or family members across a distance ID=2: 2 Use tin cans to make a unique chandelier or hanging light fixture ID=3: 3 Create a pencil holder or desk organizer by painting and decorating a tin can ID=4: 4 Make a bird or insect house by creating openings in the sides of a tin can and hanging it in a tree ID=5:5 Use a tin can as a flower vase for a rustic look ID=6:6 Create a mini garden by filling a tin can with soil and planting herbs or small flowers ID=7:7 Make a wind chime by attaching tin cans to each other and hanging them in a sequence ID=8:8 Use a tin can as a cup for camping or outdoor activitiesID=9: 9 Create an art piece by cutting out designs or shapes from tin cans and assembling them together ID=10: 10 Make a tin can drum set by attaching various sized cans together and using drumsticks to play music Give a specific ranking as a list of the IDs e.g. {1, 2, 3, 4, 5, 6, 7, 8, ,9, 10} and don't explain your ranking # [5, 1, 2, 7, 6, 10, 9, 3, 8, 4] # [10, 2, 9, 4, 1, 5, 6, 7, 3, 8] # -0.2121212121212121 # -0.1111111111111111 # {10, 2, 9, 4, 1, 5, 6, 7, 3, 8}
Score these num_responses responses in the AUT for the item: tin can. ID=1: 1 Use it as a pencil holder or desk organizer ID=2: 2 Turn it into a DIY bird feeder by punching holes and attaching a string for hanging ID=3: 3 Make a lamp out of it by cutting out designs and inserting a light bulb and cord ID=4: 4 Use it as a plant pot for small plants such as succulents or herbs ID=5:5 Cut out shapes and use it as a lantern for outdoor events ID=6:6 Transform it into a unique DIY wind chime with beads and bells hanging from it ID=7:7 Turn it into a pen holder by cutting off the top and decorating it with decorative paper ID=8:8 Cut out shapes and use it as a cookie cutter for unique shaped treatsID=9: 9 Use it as a measuring cup for dry ingredients by marking the measurements on the side ID=10: 10 Make a DIY piggy bank by cutting out a slot for coins and painting it with cute designs Give a specific ranking as a list of the IDs e.g. {1, 2, 3, 4, 5, 6, 7, 8, ,9, 10} and don't explain your ranking # [7, 10, 4, 1, 8, 3, 5, 6, 2, 9] # [4, 6, 3, 5, 10, 1, 2, 7, 8, 9] # 0.41818181818181815 # 0.28888888888888886 # {4, 6, 3, 5, 10, 1, 2, 7, 8, 9}
Score these num_responses responses in the AUT for the item: tin can. ID=1: 1 Tin can flower vase  decorate the can and use it as a vase for flowers ID=2: 2 Tin can lanterns  punch holes in the can and add a candle inside for a rustic romantic lighting touch ID=3: 3 Tin can pencil holder  use tin cans to organize your desk by turning them into pencil and pen holders ID=4: 4 Tin can bird feeder  make a bird feeder out of a tin can and hang it outside for the birds to feed on ID=5:5 Tin can herb garden  transform your tin cans into cute herb pots and create an herb garden on your balcony or windowsill ID=6:6 Tin can wind chimes  turn your cans into a whimsical wind chime and add musical notes to your garden or patio ID=7:7 Tin can drum kit  paint and decorate the cans to make a set of drums for kids to play with ID=8:8 Tin can puppet theater  create a theater by adding eyes and mouth cutouts to the cans and use them as puppets for a showID=9: 9 Tin can bookmarks  use decorated cans to make bookmarks for books or journals ID=10: 10 Tin can Christmas ornaments  create festive DIY ornaments with painted and decorated tin cans for the holiday season Give a specific ranking as a list of the IDs e.g. {1, 2, 3, 4, 5, 6, 7, 8, ,9, 10} and don't explain your ranking # [1, 4, 8, 10, 5, 3, 2, 9, 7, 6] # [5, 2, 4, 6, 1, 10, 3, 9, 7, 8] # 0.2606060606060606 # 0.1111111111111111 # {5, 2, 4, 6, 1, 10, 3, 9, 7, 8}